algorithm,device,size_bytes,rounds,enc_ms_mean,enc_ms_median,enc_ms_std,enc_ms_min,enc_ms_max,dec_ms_mean,dec_ms_median,dec_ms_std,dec_ms_min,dec_ms_max,total_time_ms_mean,total_time_ms_median,total_time_ms_std,total_time_ms_min,total_time_ms_max,energy_J_mean,energy_J_median,energy_J_std,energy_J_min,energy_J_max,enc_mem_bytes_mean,enc_mem_bytes_median,enc_mem_bytes_std,enc_mem_bytes_min,enc_mem_bytes_max,dec_mem_bytes_mean,dec_mem_bytes_median,dec_mem_bytes_std,dec_mem_bytes_min,dec_mem_bytes_max,total_mem_bytes_mean,total_mem_bytes_median,total_mem_bytes_std,total_mem_bytes_min,total_mem_bytes_max,throughput_kb_per_ms_mean,throughput_kb_per_ms_median,throughput_kb_per_ms_std,throughput_kb_per_ms_min,throughput_kb_per_ms_max,size_kb,size_mb
AES,D1,1024,5,1.4014562000000002,1.409396,0.06740711596856817,1.292332,1.47385,1.5285544,1.556608,0.06374956871069795,1.4168,1.571836,2.9300106,2.971128,0.12475861534098552,2.7091320000000003,3.0105760000000004,0.00014954346,0.00014954346,0.0,0.00014954346,0.00014954346,11697.6,11632.0,89.82649943084708,11632,11796,6782.6,6717.0,89.82649943084728,6717,6881,18480.2,18513.0,73.34302966199306,18349,18513,0.3418199783761767,0.3365725071420686,0.015392684873421667,0.3321623503276449,0.3691219180165455,1.0,0.0009765625
AES,D1,2048,5,1.4899988,1.463476,0.07111555982835259,1.420036,1.599723,1.6473348,1.669294,0.05634417546384007,1.561897,1.705776,3.1373336000000003,3.125812,0.09733592437430282,3.025373,3.269017,0.000145389204,0.000145389204,0.0,0.000145389204,0.000145389204,21822.8,21790.0,73.3430296619933,21790,21954,11927.2,11960.0,73.34302966199293,11796,11960,33750.0,33750.0,115.96551211459379,33586,33914,0.6379723073968367,0.6398337455995434,0.01967845516247089,0.6118047107127311,0.6610755103585574,2.0,0.001953125
AES,D1,4096,5,1.5367047999999999,1.491855,0.12585562032821568,1.435876,1.752587,1.7390998,1.717902,0.0987631551348983,1.656366,1.902268,3.2758046,3.160446,0.22053916431396048,3.125479,3.654855,0.000155942244,0.000155942244,0.0,0.000155942244,0.000155942244,42008.2,41943.0,89.27877687334299,41943,42106,22446.0,22446.0,0.0,22446,22446,64454.2,64389.0,89.27877687334299,64389,64552,1.225211418425366,1.2656441527556554,0.07686055786102723,1.0944346629346444,1.279803831668682,4.0,0.00390625
AES,D1,8192,5,1.8348568,1.77067,0.14187421109278467,1.716538,2.07148,2.3948425999999996,2.351495,0.12199127620162017,2.286848,2.586621,4.229699399999999,4.197494,0.17733260228818618,4.057518,4.444113,0.00023488693200000003,0.00023488693200000003,0.0,0.00023488693200000003,0.00023488693200000003,81509.6,85032.0,8152.496353878363,66928,85360,43909.0,43909.0,0.0,43909,43909,125418.6,128941.0,8152.496353878363,110837,129269,1.8940320436054905,1.9058990912196658,0.07886637935596791,1.8001342450113218,1.9716486778370423,8.0,0.0078125
AES,D1,16384,5,2.2509062,2.200833,0.11263410346427047,2.157954,2.4248,3.042483,3.084037,0.15417443626133362,2.870983,3.24867,5.2933892,5.332932,0.15059137750781068,5.039811,5.406624000000001,0.00037176156,0.00037176156,0.0,0.00037176156,0.00037176156,119205.2,118549.0,1575.949935753036,117567,121335,41690.4,42282.0,1367.9511321681046,39415,42815,160895.6,161037.0,2185.539018182929,157964,163823,3.02465374813604,3.000225766988966,0.0885769739030727,2.9593328480027457,3.1747222266866753,16.0,0.015625
AES,D1,32768,5,3.3389650000000004,3.326332,0.031219222251683595,3.312102,3.379551,4.4368438,4.406092,0.21265745226231764,4.255073,4.77492,7.7758088,7.7706800000000005,0.23570761151944197,7.567175000000001,8.154471000000001,0.00068730696,0.00068730696,0.0,0.00068730696,0.00068730696,97672.6,94027.0,56169.14278587488,39058,157133,40734.6,39414.0,5917.431731756607,36103,51007,138407.2,145034.0,54951.465373545776,78472,194704,4.1182900395722335,4.118043723329232,0.12219559627099318,3.9242275801826993,4.228790797094027,32.0,0.03125
AES,D1,65536,5,5.3888924000000005,5.380833,0.04282690697797373,5.338556,5.44587,7.486176,7.400568,0.26202249666965605,7.307221,7.944977,12.8750684,12.781959,0.25987847165992833,12.669524,13.32581,0.00128735856,0.00128735856,0.0,0.00128735856,0.00128735856,90737.8,77601.0,42309.82881317295,51388,136748,49433.4,49081.0,8096.488053471085,38472,60222,140171.2,130861.0,48382.75820682405,91818,196970,4.972431724077461,5.007057212435121,0.0981214045485932,4.802709929077482,5.051492068683875,64.0,0.0625
AES,D1,131072,5,9.7849054,9.743735,0.09653867560879416,9.719578,9.954633,13.6303814,13.596017,0.14245325418992738,13.50499,13.875033,23.415286799999997,23.365271999999997,0.14150288867616817,23.242316,23.594611,0.00246070332,0.00246070332,0.0,0.00246070332,0.00246070332,117886.6,113604.0,19868.836372570993,100743,147876,72455.4,69110.0,27726.829476159008,50188,119627,190342.0,195576.0,23963.872360284346,154985,220371,5.4666738892879305,5.478215704058571,0.033011630206926844,5.424967591116463,5.507196442901818,128.0,0.125
AES,D1,262144,5,18.2335302,18.189086,0.3317506591390587,17.833276,18.624916,26.298841399999997,26.43649,0.2771430231708891,25.984825,26.544293,44.5323716,44.349614,0.492744682568264,44.024001,45.061406,0.0048704472,0.0048704472,0.0,0.0048704472,0.0048704472,169483.8,191621.0,78518.26288959786,63663,252297,60791.6,61259.0,24184.66504419691,34634,96197,230275.4,252880.0,73777.54291313855,149263,321543,5.749188883841593,5.772316304714625,0.0634608854872264,5.681136536219043,5.815009862461161,256.0,0.25
AES-GCM,D1,1024,5,1.4560072,1.475999,0.10785507728985222,1.310423,1.58187,1.4506558,1.513603,0.10081266160904591,1.309036,1.527433,2.906663,3.0008749999999997,0.20552366055639434,2.619459,3.109303,0.00016303068,0.00016303068,0.0,0.00016303068,0.00016303068,16416.6,16384.0,72.89581606649355,16384,16547,8715.8,8683.0,73.3430296619933,8683,8847,25132.4,25067.0,146.23884572848584,25067,25394,0.3454648912726454,0.3332361394593244,0.025260600707068988,0.32161548745812163,0.3817582180137196,1.0,0.0009765625
AES-GCM,D1,2048,5,1.486394,1.474363,0.04841937251245619,1.4292,1.561506,1.55284,1.554442,0.024625002010152178,1.513938,1.58168,3.039234,3.0255900000000002,0.04318964223630473,3.009691,3.113988,0.000103157784,0.000103157784,0.0,0.000103157784,0.000103157784,26246.8,26214.0,73.3430296619933,26214,26378,14024.4,14090.0,89.82649943084728,13926,14090,40271.2,40304.0,73.34302966199381,40140,40304,0.6581651945336,0.6610280969992629,0.009204898728833502,0.6422632328705185,0.6645200454132999,2.0,0.001953125
AES-GCM,D1,4096,5,1.4802728,1.432697,0.07660434771408207,1.425864,1.599252,1.6726921999999997,1.669624,0.04618853038580017,1.619419,1.734422,3.152965,3.102321,0.1206631530314869,3.046761,3.333674,0.000109099728,0.000109099728,0.0,0.000109099728,0.000109099728,46398.8,46366.0,73.3430296619928,46366,46530,24412.0,24412.0,0.0,24412,24412,70810.8,70778.0,73.34302966199432,70778,70942,1.2701030181692192,1.289357226412096,0.047565473015407304,1.1998773725325274,1.3128696343428317,4.0,0.00390625
AES-GCM,D1,8192,5,1.4837832,1.490356,0.04859510317099865,1.417409,1.546803,2.6356118000000004,2.631196,0.09118597041869982,2.550052,2.77495,4.119395,4.090781,0.11862223317953516,3.967461,4.265306,0.000169789464,0.000169789464,0.0,0.000169789464,0.000169789464,90340.6,90275.0,89.8264994308479,90275,90439,45383.0,45383.0,0.0,45383,45383,135723.6,135658.0,89.8264994308479,135658,135822,1.943321740965887,1.9556167880900983,0.055966223482987916,1.8755981399693247,2.0164029337654483,8.0,0.0078125
AES-GCM,D1,16384,5,1.8246002000000001,1.863262,0.0981716944042426,1.694465,1.93864,2.8118152,2.786889,0.21072671507120305,2.531036,3.120522,4.6364154,4.635759,0.28599548143510944,4.2255009999999995,4.99241,0.000238177836,0.000238177836,0.0,0.000238177836,0.000238177836,160769.0,186449.0,35392.16684522155,118751,186613,81642.0,106332.0,33808.77548802973,44322,106332,242411.0,292781.0,69169.06001963594,163073,292945,3.4616667799146974,3.451430499299036,0.2176792946802413,3.204864985047302,3.7865332418570015,16.0,0.015625
AES-GCM,D1,32768,5,2.005758,1.858849,0.3408589866124993,1.819939,2.612126,3.3807222,3.463766,0.22847337216883706,3.104363,3.645744,5.386480199999999,5.418042,0.24850915942013108,5.041357,5.716489,0.000330649164,0.000330649164,0.0,0.000330649164,0.000330649164,255906.6,273375.0,43051.75720920111,178997,277427,55349.2,61035.0,9384.432092566924,41740,62346,311255.8,322655.0,40530.33578321304,241343,339772,5.950995544215141,5.90619267993862,0.27651217463174665,5.597841612220368,6.347497310743913,32.0,0.03125
AES-GCM,D1,65536,5,2.271242,2.266781,0.03329869544741953,2.240602,2.321735,4.121936,4.078138,0.08359528152653127,4.05104,4.246009,6.393178000000001,6.372775000000001,0.05995238890569755,6.3312539999999995,6.486611,0.0005296917600000001,0.0005296917600000001,0.0,0.0005296917600000001,0.0005296917600000001,208321.8,251542.0,66976.46055294352,117232,264813,36648.4,21062.0,25666.81153357386,13237,70989,244970.2,264943.0,84679.87242668708,138126,335802,10.011370925966714,10.042720792747271,0.09333381840247788,9.866477271413377,10.108581964963024,64.0,0.0625
AES-GCM,D1,131072,5,3.0294442,3.023226,0.09490791198419654,2.915902,3.173228,7.0308508000000005,6.939371,0.22753317652531463,6.890313,7.431766,10.060295,9.940435,0.19011286925139967,9.924114,10.347667999999999,0.00082555704,0.00082555704,0.0,0.00082555704,0.00082555704,255641.6,226272.0,177914.22966924257,110026,545600,56867.0,56939.0,8903.991773356487,43054,67757,312508.6,269326.0,175950.35324573805,174548,602539,12.726876419288992,12.876700063930803,0.2375749919732431,12.369936878531474,12.897876828097703,128.0,0.125
AES-GCM,D1,262144,5,4.5981942,4.50763,0.34088803481011193,4.380293,5.197513,12.6838104,12.685956,0.09147615423048772,12.572354,12.816374,17.2820046,17.092483,0.32317170021259545,17.076857,17.829691,0.0014002956,0.0014002956,0.0,0.0014002956,0.0014002956,357308.8,291683.0,280706.18720950914,141360,846446,59836.8,40102.0,44128.91334148168,40101,138777,417145.6,331784.0,323845.8953704678,181462,985223,14.817162170546831,14.977344134260656,0.2717907070374608,14.358072722628787,14.991048996896794,256.0,0.25
ASCON,D1,1024,5,2.7375385999999997,2.860904,0.28007747265408556,2.383113,2.991723,2.878265,2.971076,0.25701558060164365,2.469336,3.081503,5.6158036000000005,5.929496,0.5249591451558874,4.852449,6.069107,0.00020672452800000004,0.000206724528,0.0,0.000206724528,0.000206724528,11271.8,11141.0,179.10527630418943,11141,11468,6225.0,6225.0,0.0,6225,6225,17496.8,17366.0,179.10527630418943,17366,17693,0.17939510301743233,0.16864839777276178,0.0177561018920832,0.1647688860980701,0.20608150647229884,1.0,0.0009765625
ASCON,D1,2048,5,2.9157284,2.919292,0.040957079794584704,2.860904,2.967427,3.1398254000000003,3.119552,0.1124193391627969,3.01464,3.323218,6.0555538,6.021471,0.10859631798408237,5.980456,6.242509999999999,0.00013031406,0.00013031406,0.0,0.00013031406,0.00013031406,21364.4,21299.0,146.23884572848635,21299,21626,11599.2,11468.0,179.65299886169436,11468,11796,32963.6,33094.0,179.4708890043167,32767,33095,0.3303586728993321,0.3321447533335293,0.005809819341945043,0.32038394812343113,0.33442265940924903,2.0,0.001953125
ASCON,D1,4096,5,2.9678080000000002,2.895803,0.12450444564753504,2.881906,3.175587,3.2987154000000003,3.317956,0.13356195454469813,3.103089,3.441784,6.2665234,6.337587,0.2049583749662361,5.984995,6.493543000000001,0.000139601304,0.000139601304,0.0,0.000139601304,0.000139601304,41680.6,41615.0,146.6860593239866,41615,41943,21822.8,21954.0,179.65299886169416,21626,21954,63503.4,63569.0,274.424488703177,63241,63897,0.6388652636388067,0.6311550437098536,0.021131986911587845,0.6159965368674697,0.668338068787025,4.0,0.00390625
ASCON,D1,8192,5,3.0010486,2.88611,0.20830002505592757,2.861446,3.357967,3.5105910000000002,3.500389,0.0640525174407688,3.434504,3.592383,6.5116396,6.386499000000001,0.2539792967277059,6.2959499999999995,6.914496,0.00015317013600000002,0.00015317013600000002,0.0,0.00015317013600000002,0.00015317013600000002,84344.2,84213.0,179.65299886169416,84213,84541,42926.0,42926.0,0.0,42926,42926,127270.2,127139.0,179.65299886169416,127139,127467,1.2300234300083643,1.2526424884745146,0.04661765806627914,1.1569896056053832,1.2706581214907997,8.0,0.0078125
ASCON,D1,16384,5,3.2725188000000003,3.191852,0.25998675438510316,3.085366,3.720555,5.3218476,5.2869,0.22033357075647814,5.108301,5.680566,8.5943664,8.60557,0.352301180834382,8.213693,9.007455,0.00022528242000000002,0.00022528242000000002,0.0,0.00022528242000000002,0.00022528242000000002,181599.6,181534.0,146.68605932398864,181534,181862,103710.0,103710.0,0.0,103710,103710,285309.6,285244.0,146.68605932398052,285244,285572,1.8641897524122313,1.8592609205433226,0.07640770711552916,1.7763064039731533,1.9479666454541218,16.0,0.015625
ASCON,D1,32768,5,4.180922600000001,3.917306,0.5758025995597796,3.845101,5.203716,6.231861,6.21979,0.30635426490992435,5.786675,6.614953,10.412783600000001,10.291544,0.6310419762173513,9.703980999999999,11.423506,0.00034245856800000003,0.00034245856800000003,0.0,0.00034245856800000003,0.00034245856800000003,210954.0,209480.0,2944.7566113347957,209478,216197,60456.8,59020.0,2050.74198767178,58993,63334,271410.8,268498.0,4799.02778695852,268473,279531,3.0818781049007686,3.10934880130717,0.18039660353164708,2.801241580299428,3.297615689890572,32.0,0.03125
ASCON,D1,65536,5,5.5168628,5.37947,0.3369642124836104,5.338627,6.118143,7.4519232,7.46032,0.04967151549630796,7.370313,7.49846,12.968786,12.82717,0.36302767413105036,12.768829,13.616603,0.00055135764,0.00055135764,0.0,0.00055135764,0.00055135764,281028.8,301802.0,34626.701470108295,232747,308522,76785.2,81111.0,11421.685720593086,56698,85288,357814.0,365220.0,32478.45549745246,313858,387421,4.937910784470968,4.98940919937913,0.13328404526695833,4.700144375216051,5.012205896092743,64.0,0.0625
ASCON,D1,131072,5,9.0800448,8.63739,0.8307297113187301,8.42578,10.293626,12.9785188,13.093218,0.3842887701315246,12.543716,13.452318,22.058563600000003,21.878098,0.5259295948074217,21.541845000000002,22.91943,0.00106446492,0.00106446492,0.0,0.00106446492,0.00106446492,478299.0,511118.0,135337.79099349893,244622,588287,196807.0,219323.0,79454.15886534826,57108,255120,675106.0,730441.0,140127.117598629,499742,821451,5.805324997064288,5.850599992741599,0.13580684856830286,5.58478112239266,5.94192373030258,128.0,0.125
ASCON,D1,262144,5,14.5954444,14.579938,0.10556761446248576,14.437095,14.709809,22.972342599999998,22.716307,0.5571608769882358,22.6916,23.967435,37.567786999999996,37.294517,0.6303895975382999,37.128695,38.677244,0.00196921332,0.00196921332,0.0,0.00196921332,0.00196921332,461471.6,426988.0,118734.36363707011,336794,631459,169999.2,175743.0,98804.31672098138,59894,304834,631470.8,645970.0,139394.02950162534,427337,807202,6.815852891332634,6.864279808208805,0.1120554241443483,6.6188790493965906,6.894936652096175,256.0,0.25
ChaCha20,D1,1024,5,1.393367,1.399858,0.15085010981268793,1.204737,1.558563,1.4908518000000002,1.542334,0.1730284762696591,1.222976,1.668695,2.8842188,2.9905340000000002,0.3117165904226145,2.427713,3.188784,0.000170696052,0.000170696052,0.0,0.000170696052,0.000170696052,9698.8,9666.0,73.34302966199306,9666,9830,4849.4,4915.0,89.82649943084718,4751,4915,14548.2,14581.0,137.21224435158857,14417,14745,0.35019166801685386,0.3343884403253733,0.04032167700968414,0.3135991650735829,0.4119103040598292,1.0,0.0009765625
ChaCha20,D1,2048,5,1.4473116000000001,1.43612,0.02545405571416859,1.42524,1.490217,1.6302464,1.635498,0.0722679961206895,1.519673,1.707264,3.077558,3.071211,0.08137157331648452,2.955793,3.168559,0.00010321516799999999,0.000103215168,0.0,0.000103215168,0.000103215168,18709.8,18677.0,73.3430296619933,18677,18841,9011.0,9011.0,0.0,9011,9011,27720.8,27688.0,73.3430296619933,27688,27852,0.6502337697148651,0.6512089205202769,0.0173959498641416,0.6312017544883968,0.6766373693963008,2.0,0.001953125
ChaCha20,D1,4096,5,1.5472526,1.551212,0.1111378217970822,1.422142,1.716316,1.8020456,1.764763,0.06003215499880051,1.749731,1.882243,3.3492982,3.4016200000000003,0.13470593395875335,3.1718729999999997,3.479399,0.00011741061600000001,0.00011741061600000001,0.0,0.00011741061600000001,0.00011741061600000001,37420.6,37355.0,89.82649943084708,37355,37519,17367.0,17367.0,0.0,17367,17367,54787.6,54722.0,89.82649943084708,54722,54886,1.1958501001387531,1.1759103015621968,0.048806123935312674,1.1496238287129472,1.2610845390089704,4.0,0.00390625
ChaCha20,D1,8192,5,1.6511412,1.577993,0.20059471502061088,1.501701,2.002613,2.5763006,2.627236,0.15099213808109352,2.372737,2.725903,4.227441799999999,4.267109,0.14669383511143186,4.026452,4.37535,0.000161984556,0.000161984556,0.0,0.000161984556,0.000161984556,75267.6,75202.0,186.98876971625975,75038,75530,34078.0,34078.0,0.0,34078,34078,109345.6,109280.0,186.98876971625975,109116,109608,1.8942451583853388,1.8748056353845193,0.06657457529006909,1.8284251545590637,1.9868608889414303,8.0,0.0078125
ChaCha20,D1,16384,5,1.9767218,1.914205,0.12031207917827698,1.88525,2.17936,3.0760968,3.21395,0.2970236279720857,2.563861,3.279051,5.0528186,5.164301,0.31261956633310717,4.557361,5.39331,0.00023872708800000002,0.00023872708800000002,0.0,0.00023872708800000002,0.00023872708800000002,96144.2,96015.0,1092.9170599821393,94662,97611,32983.4,21425.0,27948.240280919297,18027,82903,129127.6,117440.0,28244.894127965854,113795,179568,3.176715225997788,3.098192766068438,0.20565852515224442,2.9666382981879407,3.510803730492274,16.0,0.015625
ChaCha20,D1,32768,5,2.79133,2.666328,0.2903989188659283,2.551363,3.22671,3.5874270000000004,3.580824,0.0159941251245573,3.572455,3.605101,6.378757,6.247152,0.2962663928797865,6.123818,6.831811,0.00039480912,0.00039480912,0.0,0.00039480912,0.00039480912,101689.0,103796.0,21433.22690357194,70576,123661,59478.2,86021.0,37356.6720238835,18559,87126,161167.2,177856.0,48456.48855107022,89135,210787,5.025074363199968,5.122334145223295,0.22677451199844048,4.683970326462486,5.2254982104301595,32.0,0.03125
ChaCha20,D1,65536,5,3.9434814000000005,3.948154,0.020052876983116304,3.910353,3.962436,6.255501,6.250808,0.1460193698127068,6.032347,6.426843,10.1989824,10.205549,0.14116516159732892,9.994783,10.368566,0.0007450581600000001,0.0007450581600000001,0.0,0.0007450581600000001,0.0007450581600000001,203871.6,234257.0,65084.2988193005,88028,240273,68003.4,66856.0,4341.698665269159,62679,73123,271875.0,297100.0,62434.65965711673,161151,312003,6.276101737292794,6.271098203536136,0.08723716770464945,6.172502542781712,6.403340622802916,64.0,0.0625
ChaCha20,D1,131072,5,6.8476604000000005,6.788602,0.14052671641115097,6.769393,7.098423,10.889760599999999,10.883165,0.02662241531679667,10.859316,10.931723,17.737421,17.690558,0.1259228034452067,17.649922,17.957739,0.00141392088,0.00141392088,0.0,0.00141392088,0.00141392088,135113.6,126774.0,37480.4837522143,86961,190549,66195.6,67753.0,14498.569336317289,48828,87003,201309.2,194527.0,34072.21899436548,157416,239377,7.216670200193256,7.235498168005781,0.050800798175543734,7.127846105793163,7.2521566950834115,128.0,0.125
ChaCha20,D1,262144,5,12.913211200000001,12.660825,0.45527562805425836,12.447285,13.435141,20.790375,20.729997,0.23020356609857381,20.627605,21.193135,33.703586200000004,33.846331,0.4440895945985438,33.177282000000005,34.111947,0.00279760896,0.00279760896,0.0,0.00279760896,0.00279760896,264124.6,332889.0,126964.93936634633,104128,368688,92824.8,93357.0,14313.278859157324,77218,109654,356949.4,412777.0,126557.91042562295,213782,469008,7.596689486589033,7.563596775083243,0.10042854953228142,7.5047020916161715,7.71612334006143,256.0,0.25
ElGamal,D1,1024,5,13.6280364,13.682246,0.6326833888528286,12.702615,14.42243,13.3578842,13.651407,1.0964843533946118,11.859907,14.676623,26.985920599999996,27.085691,1.561461670586027,25.397792,29.099052999999998,0.000137001384,0.000137001384,0.0,0.000137001384,0.000137001384,16384.0,16384.0,0.0,16384,16384,9830.0,9830.0,0.0,9830,9830,26214.0,26214.0,0.0,26214,26214,0.03715491542577209,0.03691986296380624,0.002130688028016713,0.03436537951939536,0.039373501444535025,1.0,0.0009765625
ElGamal,D1,2048,5,15.2842782,15.180369,0.6852865648797586,14.629323,16.249723,14.892144400000001,15.130677,0.5268755419368976,14.0744,15.34373,30.176422600000002,29.938223,1.0884920391582118,28.703723,31.593453,9.708591600000001e-05,9.708591600000001e-05,0.0,9.708591600000001e-05,9.708591600000001e-05,26869.2,26214.0,897.1695491934622,26214,27852,15400.6,14745.0,897.717271750967,14745,16384,42269.8,40959.0,1794.8868209444288,40959,44236,0.0663461121246807,0.06680423216835549,0.0023994136160329776,0.06330425484039368,0.06967737251366313,2.0,0.001953125
ElGamal,D1,4096,5,15.2140796,15.243715,0.5074977493987539,14.636215,15.924461,14.8675534,14.663838,0.5170667680975061,14.538638,15.7803,30.081633,30.023668,0.5819822960928458,29.300053,30.686799,0.000100958904,0.00010095890400000001,0.0,0.00010095890400000001,0.00010095890400000001,46530.2,45875.0,897.1695491934618,45875,47513,27196.8,27852.0,897.1695491934622,26214,27852,73727.0,73727.0,1158.2409075835649,72089,75365,0.13301146866107275,0.13322822514557514,0.002582323262277481,0.13034920976932132,0.13651852438628695,4.0,0.00390625
ElGamal,D1,8192,5,15.3009872,15.106338,0.47566914668464644,14.914584,16.037015,15.3025104,15.358923,0.363200342895351,14.764638,15.667877,30.603497600000004,30.493014000000002,0.6136833152569823,29.701691,31.179699,9.971135999999999e-05,9.971136e-05,0.0,9.971136e-05,9.971136e-05,88473.0,88473.0,0.0,88473,88473,47840.8,47513.0,732.9830830244313,47513,49152,136313.8,135986.0,732.9830830244302,135986,137625,0.26149282552768277,0.26235517420481946,0.0052864766057717965,0.25657720428923964,0.26934493392985603,8.0,0.0078125
ElGamal,D1,16384,5,15.4580906,14.913577,1.0487545510179204,14.851023,17.304223,15.5895012,15.447876,0.3023561860433819,15.266092,15.914492,31.0475918,30.352399,1.2865539296328379,30.117115,33.218715,0.00010525967999999998,0.00010525968,0.0,0.00010525968,0.00010525968,187104.8,186777.0,732.9830830244323,186777,188416,108625.4,108953.0,732.5358694289295,107315,108953,295730.2,295730.0,1158.594493340962,294092,297369,0.5160182193285618,0.5271411989543232,0.020528037304501784,0.481656198922806,0.5312593852366005,16.0,0.015625
ElGamal,D1,32768,5,16.446982600000002,16.078315,1.6219683970371628,14.951138,19.221053,17.138278,16.919969,0.5539545279984641,16.751053,18.094992,33.5852606,33.259899000000004,1.5951066338170934,31.751199,35.972106,0.000120616884,0.00012061688399999999,0.0,0.00012061688399999999,0.00012061688399999999,343408.4,344064.0,897.7172717509679,342425,344064,190873.0,190873.0,0.0,190873,190873,534281.4,534937.0,897.717271750978,533298,534937,0.954489233985013,0.9621195782945702,0.04452391108883961,0.8895781637027314,1.007835956053187,32.0,0.03125
ElGamal,D1,65536,5,16.6295674,16.168892,0.8616424594472469,16.136523,18.139623,24.7423086,24.979876,0.5100639194363786,23.90283,25.183146,41.371876,41.181722,0.995232551465988,40.039353000000006,42.772484,0.00016406928000000002,0.00016406928000000002,0.0,0.00016406928000000002,0.00016406928000000002,663552.0,663552.0,0.0,663552,663552,354713.0,354713.0,0.0,354713,354713,1018265.0,1018265.0,0.0,1018265,1018265,1.5476597007431299,1.554087514844571,0.03716924798239532,1.4962890628470398,1.5984274271364973,64.0,0.0625
ElGamal,D1,131072,5,22.1456704,21.991884,0.8080173172719128,21.177053,23.053046,32.4339304,32.37803,1.2296525899538846,30.830592,33.8119,54.5796008,54.751253,1.6205929268371846,52.007645,56.337846,0.00028731978,0.00028731978,0.0,0.00028731978,0.00028731978,665414.4,665743.0,735.331081894406,664099,665744,685670.0,685670.0,0.0,685670,685670,1351084.4,1351413.0,735.3310818944142,1349769,1351414,2.3468871926309527,2.337846039797482,0.07111267600614887,2.272007346535755,2.461176621244819,128.0,0.125
ElGamal,D1,262144,5,31.954352,31.691038,1.669934051832737,30.105007,34.621777,36.7676486,36.70473,0.34355180704705995,36.365661,37.254553,68.7220006,68.486399,1.7872235079047334,66.675591,71.564492,0.00045355212,0.00045355212,0.0,0.00045355212,0.00045355212,994900.0,970894.0,109795.89517600372,892251,1149480,776812.8,777140.0,732.2005872709906,775503,777141,1771712.8,1748035.0,109220.59779272406,1669391,1924983,3.727139425355289,3.737968468746619,0.09548173617349427,3.577193002362121,3.8394860272029687,256.0,0.25
Elephant,D1,1024,5,15.045765800000002,15.105661,1.0963832273036194,13.409446,16.104246,15.3845104,15.219223,0.8025302046675875,14.551261,16.671823,30.4302762,30.324883999999997,1.8085925952227884,27.960707,32.637084,0.00022340807999999998,0.00022340807999999998,0.0,0.00022340807999999998,0.00022340807999999998,73072.4,73728.0,897.7172717509679,72089,73728,68156.8,68812.0,897.1695491934618,67174,68812,141229.2,142540.0,1794.8868209444279,139263,142540,0.03295611371352144,0.03297621847457026,0.0019815554927942306,0.030639992224795572,0.03576447476810941,1.0,0.0009765625
Elephant,D1,2048,5,16.5098242,16.399292,0.4568786549585127,15.990607,17.097192,16.9290672,16.929538,0.43758622901914973,16.298238,17.52553,33.4388914,33.395430000000005,0.5722406087471431,32.860337,34.378453,0.000165962484,0.000165962484,0.0,0.000165962484,0.000165962484,141884.8,142540.0,897.1695491934635,140902,142540,132710.0,132710.0,0.0,132710,132710,274594.8,275250.0,897.1695491934635,273612,275250,0.05982442168186873,0.059888433836605776,0.0010100280198383016,0.058175974352307244,0.060863648476885676,2.0,0.001953125
Elephant,D1,4096,5,18.5003238,18.41473,0.18880373234843484,18.35483,18.798553,18.5482518,18.549107,0.06117908181478324,18.465623,18.633915,37.04857560000001,36.963837,0.24533706174220496,36.825376000000006,37.432468,0.00024084781200000004,0.00024084781200000001,0.0,0.00024084781200000001,0.00024084781200000001,281804.0,281804.0,0.0,281804,281804,263782.0,263782.0,0.0,263782,263782,545586.0,545586.0,0.0,545586,545586,0.10797013451828837,0.10821387400880488,0.0007117382965606159,0.10685910424073561,0.1086207510820799,4.0,0.00390625
Elephant,D1,8192,5,25.6569612,25.424777,0.5833109672453448,25.316484,26.688061,25.635121200000004,25.562346,0.10488737257506234,25.556523,25.77433,51.292082400000005,51.095138000000006,0.5460601827420684,50.873007,52.250407,0.00038148588000000005,0.00038148588000000005,0.0,0.00038148588000000005,0.00038148588000000005,560659.8,560332.0,732.9830830244425,560332,561971,519372.0,519372.0,0.0,519372,519372,1080031.8,1079704.0,732.9830830244181,1079704,1081343,0.15598345497432717,0.15657067018783663,0.0016395489911714958,0.15310885520949147,0.15725431759911498,8.0,0.0078125
Elephant,D1,16384,5,39.9685764,39.933138,0.4069543091635726,39.40813,40.438284,40.292436599999995,40.199723,0.3321735852883252,39.879569,40.640284,80.261013,80.04841400000001,0.5152623969779894,79.81270699999999,81.063422,0.0007297974,0.0007297974,0.0,0.0007297974,0.0007297974,513733.6,513728.0,1168.8726620124146,512089,515395,436891.0,437544.0,898.2727870752915,435906,437553,950624.6,951272.0,899.8059790865924,949636,951301,0.19935613341498612,0.19987903820305544,0.0012741564844036483,0.19737632097495217,0.2004693312807947,16.0,0.015625
Elephant,D1,32768,5,68.68910580000001,67.931015,1.5747481250516502,67.789669,71.480584,68.55364879999999,68.477569,0.31544831440934845,68.257015,69.043292,137.24275459999998,136.603161,1.5482389343285403,136.115053,139.95815299999998,0.00137816532,0.00137816532,0.0,0.00137816532,0.00137816532,208457.8,206210.0,16818.514134726644,190007,232016,729998.8,735323.0,29793.587249607925,687811,769320,938456.6,936618.0,36242.53831894229,884188,975530,0.2331869135141981,0.23425519413858953,0.0025951947606379943,0.22863977063201174,0.23509523226648563,32.0,0.03125
Elephant,D1,65536,5,124.04901939999999,124.117538,0.2065624129404907,123.714376,124.263961,126.7254656,126.216584,1.460816598258414,125.243915,128.51613,250.774485,250.480545,1.364355561471598,249.261599,252.230506,0.00271208484,0.00271208484,0.0,0.00271208484,0.00271208484,824132.6,779240.0,84299.14294226246,741557,915228,626115.8,642432.0,80121.89821890144,528978,731228,1450248.4,1403655.0,146907.25091124672,1298388,1646456,0.25521541650622054,0.2555088659680136,0.001387691407622384,0.2537361598917777,0.256758362526592,64.0,0.0625
Elephant,D1,131072,5,235.6356582,235.755846,1.1932416751887311,234.180092,237.257561,241.5200456,241.700161,0.7535226049086329,240.325938,242.39253,477.15570379999997,477.21763,0.7684333484087387,475.88025300000004,477.89473,0.005234058,0.005234058,0.0,0.005234058,0.005234058,984115.8,1035163.0,135710.48271485884,768908,1105591,561770.6,732456.0,326566.6272084458,193101,841819,1545886.4,1610727.0,311275.8862035413,1131173,1855683,0.26825680786252626,0.26822144018442906,0.0004326253221537794,0.26784141352636387,0.2689752289427315,128.0,0.125
Elephant,D1,262144,5,459.40916720000007,459.484246,1.9962340673155683,456.77153,462.266338,473.2932012,473.157392,1.703346089742405,471.399223,476.036307,932.7023684,932.486622,2.7744947400522046,929.9289220000001,935.53523,0.0083965752,0.0083965752,0.0,0.0083965752,0.0083965752,975767.0,985597.0,16668.534323689044,951191,990514,701999.4,739009.0,92148.39677281423,591564,794740,1677766.4,1704945.0,102316.93135937963,1542755,1780337,0.2744732088201337,0.2745347696795161,0.000816333525627265,0.27364014928652125,0.2752898570456549,256.0,0.25
GIFT-COFB,D1,1024,5,6.7990396,6.86318,0.5920227542462368,6.11345,7.601688,7.012114200000001,7.048876,0.7097087700241562,6.031373,7.9352,13.8111538,13.912056,1.2947642475766385,12.144823,15.536888000000001,0.00015776784000000001,0.00015776784000000001,0.0,0.00015776784000000001,0.00015776784000000001,19660.0,19660.0,0.0,19660,19660,14908.8,14745.0,366.26793471446575,14745,15564,34568.8,34405.0,366.26793471446473,34405,35224,0.07291954844647677,0.07188010169021747,0.0068789234543488766,0.0643629535078067,0.08233961087782012,1.0,0.0009765625
GIFT-COFB,D1,2048,5,7.5147326,7.371742,0.33568226497135634,7.278861,8.098034,7.509917199999999,7.477157,0.12220750429576699,7.39015,7.702953,15.0246498,14.848899,0.4362076719312714,14.764137999999999,15.800987,9.910843200000002e-05,9.910843200000001e-05,0.0,9.910843200000001e-05,9.910843200000001e-05,38993.4,39321.0,448.5847745967313,38502,39321,28180.0,27852.0,449.13249715423603,27852,28672,67173.4,67173.0,579.4741581813623,66354,67993,0.13320112326265054,0.13469012079616138,0.0037260317235980104,0.12657437158830648,0.1354633775436128,2.0,0.001953125
GIFT-COFB,D1,4096,5,8.076974,8.056876,0.20721480274222698,7.79338,8.292584,8.238108800000001,8.24423,0.18612477457797033,8.0292,8.471353,16.3150828,16.344834,0.19068980829923765,16.086076,16.536814,0.00011584958399999999,0.00011584958399999999,0.0,0.00011584958399999999,0.00011584958399999999,75366.0,75366.0,0.0,75366,75366,55541.2,55705.0,366.26793471446575,54886,55705,130907.2,131071.0,366.26793471446575,130252,131071,0.24519873598925476,0.24472564236504332,0.002869125954957713,0.24188456131876432,0.2486622592110096,4.0,0.00390625
GIFT-COFB,D1,8192,5,9.1029016,8.545307,1.4263815086526828,8.332288,11.645326,8.7460178,8.780476,0.10022868106834391,8.594257,8.857092,17.8489194,17.402399,1.3451186395871575,17.075141000000002,20.239583000000003,0.000172706328,0.000172706328,0.0,0.000172706328,0.000172706328,150732.0,150732.0,0.0,150732,150732,109772.0,109772.0,0.0,109772,109772,260504.0,260504.0,0.0,260504,260504,0.45006963058748506,0.45970673353714053,0.030910723084425884,0.39526506054991345,0.46851736099865876,8.0,0.0078125
GIFT-COFB,D1,16384,5,11.194473400000001,10.944492,0.5807700222689698,10.915753,12.232815,14.5509718,14.366076,0.488675949049265,14.191138,15.406,25.7454452,25.310568,0.7199732994137362,25.106891,26.707168000000003,0.000314554392,0.000314554392,0.0,0.000314554392,0.000314554392,313753.0,313753.0,0.0,313753,313753,235929.0,235929.0,0.0,235929,235929,549682.0,549682.0,0.0,549682,549682,0.6218536505911297,0.6321470146383124,0.017187521818433412,0.5990901019531535,0.6372752404907481,16.0,0.015625
GIFT-COFB,D1,32768,5,16.3537642,16.257907,0.21284362879752908,16.118861,16.63315,22.123264799999998,21.954803,1.183109391692375,20.634938,23.74658,38.477029,38.073663999999994,1.1797161303398374,37.268088,40.262899000000004,0.00054400608,0.00054400608,0.0,0.00054400608,0.00054400608,296536.0,296372.0,366.7151483099655,296372,297192,146910.4,147074.0,684.6870087857698,146255,147892,443446.4,443447.0,818.7504503815464,442627,444266,0.832280705748064,0.8404759783560627,0.02510626236167582,0.7947763522939567,0.8586434592512501,32.0,0.03125
GIFT-COFB,D1,65536,5,26.6946734,26.678861,0.11576126332370347,26.543907,26.825342,28.7521816,28.678876,0.19955693635476476,28.513526,29.001507,55.44685499999999,55.357737,0.3044147178496781,55.145832999999996,55.826848999999996,0.0009225784799999999,0.0009225784799999999,0.0,0.0009225784799999999,0.0009225784799999999,205622.0,141366.0,91754.70955760255,136450,308454,220966.0,215272.0,11157.208701104411,214454,240462,426588.0,381828.0,89616.9574913141,350904,523932,1.1542862291332,1.1561166237702238,0.0063284570136428455,1.1464017967412061,1.1605591305511698,64.0,0.0625
GIFT-COFB,D1,131072,5,48.3023928,47.754969,1.420803376153854,47.545523,50.837488,51.54077099999999,51.554911,0.10451725444394175,51.382892,51.676061,99.8431638,99.310703,1.4271570506677635,98.928415,102.371745,0.00167656032,0.0016765603200000001,0.0,0.0016765603200000001,0.0016765603200000001,289386.4,263017.0,51572.898733734175,258921,379753,312112.4,298830.0,60330.13743395585,259926,415008,601498.8,564381.0,75084.71437782793,518847,686775,1.2822164856819334,1.2888842404025675,0.017999776120768064,1.2503450048643794,1.2938648617790955,128.0,0.125
GIFT-COFB,D1,262144,5,89.2602356,89.360826,0.31864809997284127,88.859496,89.67563,96.9704572,97.011876,0.2326906089267537,96.661307,97.2198,186.23069279999999,186.25471900000002,0.46983790060105524,185.520803,186.824026,0.00261310572,0.00261310572,0.0,0.00261310572,0.00261310572,395299.4,292904.0,180060.58014957077,219169,634496,277956.2,346577.0,120759.7943303151,106523,384429,673255.6,648506.0,273421.8948288524,399427,981073,1.3746461491317534,1.3744618196760963,0.0034711755960719383,1.3702734358160122,1.3798991588021534,256.0,0.25
Grain-128AEAD,D1,1024,5,7.1156234,7.397119,0.5498186506342796,6.515373,7.714107,7.262711,7.449846,0.5529563073507704,6.399338,7.772815,14.3783344,15.043368000000001,1.0484066230090783,12.943614,15.169934,0.000151334712,0.000151334712,0.0,0.000151334712,0.000151334712,11632.0,11468.0,366.7151483099654,11468,12288,7044.4,7372.0,448.5847745967311,6553,7372,18676.4,18840.0,685.5831824075037,18021,19660,0.06985719764538915,0.06647447566263086,0.005284184576768627,0.06591986491173923,0.07725817534422766,1.0,0.0009765625
Grain-128AEAD,D1,2048,5,8.433054799999999,8.029534,0.9011314388460198,7.795307,10.010492,8.0363294,7.995507,0.190120104817455,7.860726,8.355138,16.4693842,16.353664000000002,0.826715541402058,15.729457,17.871218,0.00011985098400000001,0.00011985098400000001,0.0,0.00011985098400000001,0.00011985098400000001,21954.2,22118.0,366.26793471446547,21299,22118,11960.0,12288.0,449.1324971542362,11468,12288,33914.2,33587.0,448.9501085866888,33586,34406,0.12167125030617651,0.12229675258095066,0.005825489701950045,0.1119117902316451,0.1271499709112654,2.0,0.001953125
Grain-128AEAD,D1,4096,5,8.590794800000001,8.447511,0.34656339840453465,8.404692,9.207757,8.7424272,8.746642,0.15095557187364814,8.512338,8.923707,17.333222,17.165680000000002,0.4666849646753148,16.918922000000002,18.131464,0.00014942181600000002,0.00014942181600000002,0.0,0.00014942181600000002,0.00014942181600000002,42598.0,42598.0,0.0,42598,42598,22773.2,22937.0,366.26793471446575,22118,22937,65371.2,65535.0,366.26793471446473,64716,65535,0.23090097752423916,0.23302310191032335,0.00604862221649819,0.22061097769049426,0.23642168218518883,4.0,0.00390625
Grain-128AEAD,D1,8192,5,11.064115,11.0224,0.07277024758443522,10.994692,11.160157,11.341595,11.324073,0.05975500877332373,11.292796,11.439353,22.40571,22.376057,0.11504134535678898,22.292788,22.562418,0.00024067015200000003,0.00024067015200000003,0.0,0.00024067015200000003,0.00024067015200000003,85196.0,85196.0,0.0,85196,85196,43417.0,43417.0,0.0,43417,43417,128613.0,128613.0,0.0,128613,128613,0.35705935819312856,0.3575250098799802,0.001830137773742661,0.35457192575724816,0.3588604529859612,8.0,0.0078125
Grain-128AEAD,D1,16384,5,16.326698,16.313103,0.05785869420838924,16.264138,16.395542,16.9106516,16.88363,0.10058629562370865,16.814553,17.058203,33.2373496,33.211415,0.13119591202777342,33.097336999999996,33.453745,0.00041305608,0.00041305608,0.0,0.00041305608,0.00041305608,182681.0,182681.0,0.0,182681,182681,104857.0,104857.0,0.0,104857,104857,287538.0,287538.0,0.0,287538,287538,0.48139213854857826,0.48176206885494033,0.0018941591996769504,0.478272313010098,0.48342257868057487,16.0,0.015625
Grain-128AEAD,D1,32768,5,27.714448800000003,27.657953,0.250333807909958,27.482461,28.041,27.883257800000003,27.85548,0.08063665398998031,27.828692,28.024357,55.597706599999995,55.506817999999996,0.22069572410289356,55.343171999999996,55.877203,0.0010437318,0.0010437318,0.0,0.0010437318,0.0010437318,37821.0,35865.0,2678.3633062002623,35865,40755,188416.0,188416.0,0.0,188416,188416,226237.0,224281.0,2678.3633062002623,224281,229171,0.5755705588931924,0.5765057546624273,0.0022829062651998997,0.5726843557291155,0.5782104430154456,32.0,0.03125
Grain-128AEAD,D1,65536,5,48.5222924,48.575876,0.2151830322325644,48.273188,48.77883,52.8364174,52.680942,0.7494391266389148,51.928303,53.8146,101.3587098,101.334926,0.7469655667764746,100.504179,102.125553,0.001674567,0.001674567,0.0,0.001674567,0.001674567,335325.0,334669.0,899.1824064115134,334668,336314,49424.0,49588.0,366.715148309966,48768,49588,384749.0,384257.0,1101.080832636734,383436,385902,0.6314482614398427,0.6315690209316381,0.004654002840526414,0.6266795931082988,0.6367894413624333,64.0,0.0625
Grain-128AEAD,D1,131072,5,91.2554104,91.3134,0.15745347319859015,91.023092,91.410569,99.58394419999999,99.529,0.8291790484781926,98.68663,100.887307,190.8393546,190.700257,0.8663113822764894,190.00002999999998,192.297876,0.0029703204,0.0029703204,0.0,0.0029703204,0.0029703204,355177.8,355176.0,6.942621983081869,355170,355188,96282.0,96282.0,0.0,96282,96282,451459.8,451458.0,6.942621983081869,451452,451470,0.6707322054466518,0.671210422123343,0.0030318324157671216,0.665633977153237,0.6736841041551415,128.0,0.125
Grain-128AEAD,D1,262144,5,176.7250732,176.183661,1.219283738023971,175.816584,178.849388,187.1845802,188.754384,2.7322762529401543,182.793507,189.274957,363.90965339999997,364.938045,1.5854334921537203,361.642895,365.091541,0.0058466772,0.0058466772,0.0,0.0058466772,0.0058466772,400234.8,411703.0,46183.02439966443,319136,429316,189670.2,189670.0,0.4472135955028051,189670,189671,589905.0,601374.0,46183.08648195787,508806,618986,0.7034820158357865,0.7014889335530912,0.003072158949246343,0.7011940054782041,0.7078806290387649,256.0,0.25
RSA-Hybrid,D1,1024,5,12.595372000000001,12.903815,0.7219658707819924,11.692646,13.432515,15.021944000000001,14.978284,1.7345200211146317,12.46083,17.217376,27.617316,27.923707,2.337229235809146,24.463290999999998,30.649891000000004,0.000156046608,0.000156046608,0.0,0.000156046608,0.000156046608,16384.0,16384.0,0.0,16384,16384,16711.6,16384.0,732.5358694289315,16384,18022,33095.6,32768.0,732.5358694289315,32768,34406,0.03642045416541272,0.03581186409096758,0.003129235707917066,0.03262654343534207,0.040877574484970154,1.0,0.0009765625
RSA-Hybrid,D1,2048,5,12.6233964,12.613507,0.5382925614243617,11.992761,13.314869,14.331339600000002,15.000038,1.130969757451675,12.450607,15.078423,26.954736000000004,27.69193,1.6039136745125966,24.443368,28.361299000000002,0.000119140848,0.000119140848,0.0,0.000119140848,0.000119140848,26214.0,26214.0,0.0,26214,26214,22281.8,22937.0,897.1695491934622,21299,22937,48495.8,49151.0,897.1695491934618,47513,49151,0.07441901464303706,0.07222320726652133,0.004636440991821644,0.07051863174532308,0.08182178495205734,2.0,0.001953125
RSA-Hybrid,D1,4096,5,13.695739399999999,13.484953,0.6015778506924933,13.267692,14.743938,16.2114796,16.362715,1.1292346502398423,14.586376,17.615446,29.907219000000005,29.847668000000002,0.8538939566146372,29.03283,31.243284,0.00012189769199999999,0.00012189769199999999,0.0,0.00012189769199999999,0.00012189769199999999,45875.0,45875.0,0.0,45875,45875,34406.0,34406.0,0.0,34406,34406,80281.0,80281.0,0.0,80281,80281,0.13383279174777085,0.13401381977312263,0.0037582093913364908,0.1280275146492283,0.13777506360902467,4.0,0.00390625
RSA-Hybrid,D1,8192,5,13.383098200000001,13.491223,0.9286342835948388,12.202646,14.341361,16.230713400000003,16.63953,1.4876110435302976,13.608984,17.193515,29.613811600000002,30.573900000000002,2.2596318711250953,25.81163,31.381815000000003,0.000124514424,0.000124514424,0.0,0.000124514424,0.000124514424,88473.0,88473.0,0.0,88473,88473,53739.2,54067.0,732.9830830244317,52428,54067,142212.2,142540.0,732.9830830244323,140901,142540,0.2715161307006769,0.26166109001468574,0.022497016651238662,0.2549247071910914,0.3099378071047818,8.0,0.0078125
RSA-Hybrid,D1,16384,5,13.5547534,13.63453,0.2654672861047092,13.101015,13.789138,15.9598798,16.507623,1.2006629725317175,13.819869,16.574984,29.514633200000002,30.142153,1.4508644085498479,26.920884,30.249384,0.000130467132,0.000130467132,0.0,0.000130467132,0.000130467132,186777.0,186777.0,0.0,186777,186777,115179.2,115507.0,732.9830830244302,113868,115507,301956.2,302284.0,732.9830830244262,300645,302284,0.543228040344607,0.5308180872149378,0.028583479360030164,0.5289363909030346,0.5943341236491342,16.0,0.015625
RSA-Hybrid,D1,32768,5,14.3146472,14.164884,0.545785598927546,13.688123,15.069946,17.4162656,18.029907,1.1858588133584027,15.665876,18.416307,31.7309128,32.416053000000005,1.6666186336310405,29.353999,33.486253,0.000156057048,0.000156057048,0.0,0.000156057048,0.000156057048,342752.8,342425.0,732.9830830244343,342425,344064,197099.2,197427.0,732.9830830244323,195788,197427,539852.0,539852.0,1158.9480143647513,538213,541491,1.0107647926261571,0.9871652171842141,0.054401124607137835,0.9556160254776789,1.0901410741343964,32.0,0.03125
RSA-Hybrid,D1,65536,5,15.604968600000001,15.466515,0.30069069449070135,15.439476,16.14083,25.864071799999998,25.407538,1.0532912147968394,24.878,27.591107,41.4690404,40.874052999999996,1.3392112194309786,40.343961,43.731937,0.000190895364,0.000190895364,0.0,0.000190895364,0.000190895364,663552.0,663552.0,0.0,663552,663552,361267.0,361267.0,0.0,361267,361267,1024819.0,1024819.0,0.0,1024819,1024819,1.5445685608318167,1.5657855118991995,0.04833644182469567,1.463461360058211,1.5863588604995924,64.0,0.0625
RSA-Hybrid,D1,131072,5,20.253615,20.263623,0.04640554486804314,20.196715,20.302376,31.9321596,31.328984,1.151699366304115,31.141192,33.890407,52.1857746,51.63136,1.169171380013341,51.337907,54.181145,0.000279086292,0.000279086292,0.0,0.000279086292,0.000279086292,662475.4,662472.0,6.54217089352757,662472,662487,73132.4,67731.0,12083.488519463244,67721,94748,735607.8,730203.0,12082.708417403785,730193,757222,2.453738008378626,2.4791134690234773,0.05369416964044456,2.362445459578235,2.4932843483471188,128.0,0.125
RSA-Hybrid,D1,262144,5,32.9788364,32.598615,2.558692916896985,29.391653,36.101715,37.007792,37.107423,0.35178172738077557,36.567023,37.421415,69.9866284,70.02003,2.545996381027731,66.499076,73.315222,0.00044690723999999993,0.00044690724,0.0,0.00044690724,0.00044690724,1024970.4,1025788.0,55289.708036848955,970900,1096250,778478.2,778778.0,750.4939706619764,777140,778917,1803448.6,1804566.0,55738.251190721814,1748040,1875167,3.6617333447380895,3.6560966911896493,0.13379829041300684,3.4917714632303776,3.8496775504068657,256.0,0.25
Xoodyak,D1,1024,5,2.6108348,2.540976,0.2439251795196635,2.385815,2.91901,2.6734552000000003,2.681398,0.22863516903508074,2.382221,2.898912,5.28429,5.222374,0.4673331882179994,4.768036,5.817922,0.00015284102399999998,0.00015284102399999998,0.0,0.00015284102399999998,0.00015284102399999998,11141.0,11141.0,0.0,11141,11141,6225.0,6225.0,0.0,6225,6225,17366.0,17366.0,0.0,17366,17366,0.19042504898691892,0.19148379644966063,0.016764713246115837,0.17188267563573384,0.20972996009258318,1.0,0.0009765625
Xoodyak,D1,2048,5,2.9546322,2.994073,0.12388466456022708,2.744073,3.057447,3.1598588,3.120349,0.09208190653271676,3.095704,3.315758,6.114491,6.1205110000000005,0.043591331070523515,6.059831000000001,6.177796,0.00010156935599999999,0.000101569356,0.0,0.000101569356,0.000101569356,21495.2,21626.0,179.10527630418923,21299,21626,11664.8,11796.0,179.65299886169447,11468,11796,33160.0,33095.0,146.46330598481023,33094,33422,0.3271050997114406,0.3267701013853255,0.0023281600576872093,0.32374005227754366,0.3300422074476994,2.0,0.001953125
Xoodyak,D1,4096,5,3.0684114,3.044093,0.16902690561061576,2.90475,3.330498,3.3381969999999996,3.333936,0.20604104269174153,3.119896,3.582855,6.4066084000000005,6.453239,0.36045520676749865,6.055778999999999,6.913353,0.00010806976800000002,0.000108069768,0.0,0.000108069768,0.000108069768,41811.8,41943.0,179.6529988616954,41615,41943,21888.4,21954.0,146.6860593239866,21626,21954,63700.2,63897.0,293.37211864797194,63241,63897,0.6259198320332879,0.6198437714766182,0.034787480803236806,0.5785904466327699,0.6605260859090136,4.0,0.00390625
Xoodyak,D1,8192,5,3.2465046,3.099452,0.319491189882131,3.035501,3.8084,3.558217,3.531829,0.12448162238659981,3.429601,3.731021,6.804721600000001,6.822456000000001,0.3397285516442501,6.465102,7.340229,0.00013075480799999999,0.00013075480799999999,0.0,0.00013075480799999999,0.00013075480799999999,84344.2,84213.0,179.65299886169416,84213,84541,42926.0,42926.0,0.0,42926,42926,127270.2,127139.0,179.65299886169416,127139,127467,1.1779340105324008,1.1725982549392768,0.057124629064345574,1.0898842529299835,1.2374128049333173,8.0,0.0078125
Xoodyak,D1,16384,5,3.6761346,3.597213,0.1852773662169772,3.57346,4.006861,5.2740048,5.376896,0.21311834169939498,5.04006,5.487555,8.950139400000001,8.950356,0.34820334779091355,8.646116000000001,9.494416000000001,0.00021121776,0.00021121776,0.0,0.00021121776,0.00021121776,181730.8,181862.0,179.65299886169248,181534,181862,103710.0,103710.0,0.0,103710,103710,285440.8,285572.0,179.65299886169248,285244,285572,1.7897993569199016,1.7876383911433245,0.068071391258715,1.685201069765639,1.850541908066003,16.0,0.015625
Xoodyak,D1,32768,5,4.932659,4.887616,0.10001917959821517,4.851943,5.095809,6.6872258,6.736349,0.4384506633815257,6.041723,7.244787,11.6198848,11.588292,0.48717151679434306,11.001263,12.340596,0.000325580328,0.000325580328,0.0,0.000325580328,0.000325580328,216336.6,216216.0,288.3050467820483,216196,216852,62974.2,62678.0,1528.301410062818,61941,65628,279310.8,278877.0,1437.2789221302864,278161,281824,2.757738240513537,2.761407807121188,0.11453625889713631,2.593067628176143,2.9087569309087513,32.0,0.03125
Xoodyak,D1,65536,5,7.620791199999999,7.447632,0.3849497776511889,7.436129,8.309075,9.5370728,9.44926,0.18585047486541464,9.432856,9.867527,17.157864,16.956253,0.3809992966069629,16.875692,17.758335000000002,0.00058434552,0.00058434552,0.0,0.00058434552,0.00058434552,138724.2,91033.0,102731.77763574425,89312,322282,83060.6,86681.0,5534.562340420423,74150,86681,221784.8,177714.0,104871.99982693189,163462,408963,3.7315156448949667,3.7744187940578615,0.08149591522730694,3.603941473116708,3.792437074580408,64.0,0.0625
Xoodyak,D1,131072,5,12.591961999999999,12.579518,0.03069324386571056,12.565641,12.642075,16.6378406,16.638426,0.037062286644241514,16.587267,16.677001,29.2298026,29.237847,0.055635479339177785,29.166785,29.311255000000003,0.0011117804400000001,0.0011117804400000001,0.0,0.0011117804400000001,0.0011117804400000001,126978.2,124292.0,18478.46528259314,104798,156244,110767.2,81438.0,76695.83448727838,62514,247008,237745.4,201296.0,92825.41812348599,186806,403252,4.379104864209075,4.377887332128115,0.008329801681330216,4.366923217719609,4.388553623582442,128.0,0.125
Xoodyak,D1,262144,5,22.6693106,22.6691,0.026174233671684265,22.636676,22.705235,31.318388199999998,31.2529,0.5870189505856692,30.775593,32.204529,53.9876988,53.934455,0.5923859260424735,53.412269,54.858516,0.00217600272,0.00217600272,0.0,0.00217600272,0.00217600272,380419.4,434676.0,174116.60019739644,127652,529879,152763.6,154440.0,29287.48422620147,111840,193012,533183.0,546516.0,177134.74396769257,288071,722891,4.742275543857295,4.746502027321867,0.051791548826673924,4.666549857090557,4.792906289002626,256.0,0.25
AES,D2,1024,5,1.5575614,1.407221,0.31754919151022887,1.352886,2.102532,1.4132608,1.312985,0.2188318744223519,1.255091,1.793466,2.9708221999999997,2.826811,0.36972035046667384,2.658353,3.502389,0.000317863656,0.000317863656,0.0,0.000317863656,0.000317863656,11162.8,11632.0,6843.706795297414,0,17489,16555.4,14417.0,6163.175910194354,11141,27033,27718.2,25312.0,11030.879280456296,14417,42925,0.34059850684148624,0.35375552168149904,0.04017716737210803,0.2855193983306823,0.3761727656184111,1.0,0.0009765625
AES,D2,2048,5,1.497152,1.410243,0.2639707365523686,1.322289,1.964067,1.6123752,1.565466,0.18292679784465696,1.363085,1.797043,3.1095272,3.119332,0.28624533189591045,2.785419,3.529533,0.000313721208,0.000313721208,0.0,0.000313721208,0.000313721208,30613.0,31006.0,10302.181273885642,21790,46981,21102.2,17858.0,16942.969226201174,0,46735,51715.2,47308.0,15092.62812435263,31498,68525,0.6474592464840845,0.6411629156498891,0.05821414873696539,0.5666472023352664,0.7180248285805475,2.0,0.001953125
AES,D2,4096,5,1.6400314000000003,1.59644,0.15933693893852732,1.4825,1.854947,1.7679058,1.782975,0.04160165519183105,1.723264,1.809831,3.4079372,3.379415,0.1569725988706309,3.237507,3.5782109999999996,0.00035386106400000003,0.00035386106400000003,0.0,0.00035386106400000003,0.00035386106400000003,62922.2,82083.0,36857.93262921837,0,88473,39927.4,30105.0,42852.574179388575,0,89210,102849.6,118578.0,72681.45999703088,0,171293,1.1757172021935562,1.1836368128803358,0.053926789300909043,1.117877062029042,1.2355185641297455,4.0,0.00390625
AES,D2,8192,5,1.8589054,1.745733,0.2257112064769935,1.676394,2.22716,2.1869642,2.206283,0.13309234194047379,1.964871,2.307117,4.0458696000000005,4.0312,0.11291756846168804,3.933352,4.192031,0.0005193529200000001,0.0005193529200000001,0.0,0.0005193529200000001,0.0005193529200000001,55920.0,51507.0,30848.803485710756,19577,105194,41810.6,29339.0,30749.617986244968,12481,90545,97730.6,82025.0,51344.15033672288,32058,157090,1.9785512018943359,1.9845207382417145,0.054916012574802525,1.908382834000989,2.0338886527318176,8.0,0.0078125
AES,D2,16384,5,2.2894166,2.32847,0.08531750509010445,2.172738,2.377502,2.8375741999999997,2.777784,0.1539570345557488,2.71996,3.100538,5.1269908,5.086573,0.11448194765420407,5.006457,5.273275999999999,0.00069350724,0.00069350724,0.0,0.00069350724,0.00069350724,68569.8,48969.0,57931.07803416056,0,131492,49637.8,24844.0,58707.6921127036,13344,153499,118207.6,139594.0,75989.99238583987,19520,202468,3.1219768759907045,3.145536297228016,0.0693029336869103,3.03416699600021,3.195872849801766,16.0,0.015625
AES,D2,32768,5,3.5044812,3.465584,0.14879884305228988,3.378316,3.759787,4.9115362,4.599531,0.6404252366023687,4.403494,5.955258,8.4160174,8.359318,0.6466942360117336,7.78181,9.420842,0.0012830184,0.0012830184,0.0,0.0012830184,0.0012830184,141698.4,133902.0,101909.10863755015,9676,278521,88341.6,77911.0,88736.43806971294,0,234413,230040.0,194802.0,108254.04854323002,98118,356432,3.8195736799440922,3.8280634855618603,0.281919193812495,3.3967239870915997,4.112153856236531,32.0,0.03125
AES,D2,65536,5,5.9534956,5.572176,0.6439924855658647,5.484559,6.946356,7.6576616,7.600888,0.18340574763839876,7.491984,7.91068,13.6111572,13.407089,0.5907187176217629,12.986593,14.547244,0.00220627728,0.00220627728,0.0,0.00220627728,0.00220627728,77984.2,88332.0,56115.52458277477,4260,148939,116476.0,104044.0,75687.58522043096,24680,207279,194460.2,192376.0,128402.17864467877,28940,326891,4.7089274097522225,4.773594029248258,0.19893030787380286,4.399458756586471,4.928159371745923,64.0,0.0625
AES,D2,131072,5,10.8047542,10.903528,0.42666843006918265,10.103271,11.156935,15.200419199999999,15.082987,0.41868000729160676,14.769178,15.674133,26.0051734,25.887525,0.4845799686989778,25.60932,26.831068000000002,0.004291686,0.004291686,0.0,0.004291686,0.004291686,87525.0,50931.0,69756.44281354948,28437,195361,83608.8,97574.0,53788.3716308646,0,145851,171133.8,148505.0,57008.09803615623,119729,267085,4.923439290405845,4.944466494962342,0.09001282195006145,4.770589079793618,4.99818034996634,128.0,0.125
AES,D2,262144,5,18.291649200000002,18.133848,0.4037856570672128,18.057083,19.007293,27.0749152,26.37257,1.2857451665585604,25.940409,28.803048,45.3665644,44.439935,1.6159165099784063,43.997491999999994,47.810341,0.0064452312,0.0064452312,0.0,0.0064452312,0.0064452312,131091.4,135746.0,83187.84239178222,15610,249284,25214.6,24309.0,23051.821908473958,188,53423,156306.0,157415.0,79097.38314887541,39919,254651,5.648529259697854,5.760584483303138,0.19680345507649627,5.354490150990556,5.818513473449806,256.0,0.25
AES-GCM,D2,1024,5,1.405148,1.48599,0.11830322511453353,1.264186,1.501289,1.4249008,1.47135,0.10887978150556704,1.233036,1.494996,2.8300488,2.957697,0.20807024492752432,2.520964,2.9962850000000003,0.000208730952,0.000208730952,0.0,0.000208730952,0.000208730952,16449.2,16384.0,89.27877687334217,16384,16547,8748.6,8683.0,89.82649943084718,8683,8847,25197.8,25230.0,73.12113237635185,25067,25231,0.35496066853714064,0.3381008940401941,0.02739155537095694,0.3337466229013595,0.3966736534119487,1.0,0.0009765625
AES-GCM,D2,2048,5,1.4889752,1.491901,0.03243994628848825,1.455249,1.534326,1.5845516,1.59903,0.027138601609147085,1.549126,1.607529,3.0735268000000002,3.0834520000000003,0.03477459933198376,3.016975,3.10827,0.000127941192,0.000127941192,0.0,0.000127941192,0.000127941192,26246.8,26214.0,73.3430296619933,26214,26378,14024.4,14090.0,89.82649943084728,13926,14090,40271.2,40304.0,137.2122443515885,40140,40468,0.6507855089216138,0.6486236854019456,0.007430370183362074,0.643444745791067,0.6629156688404776,2.0,0.001953125
AES-GCM,D2,4096,5,1.4545784,1.456513,0.020039009064821464,1.432002,1.480341,1.7183693999999998,1.711655,0.062531206523623,1.664295,1.818288,3.1729478,3.1681679999999997,0.08179296220152431,3.099805,3.298629,0.000136535184,0.000136535184,0.0,0.000136535184,0.000136535184,46431.6,46366.0,89.82649943084708,46366,46530,24412.0,24412.0,0.0,24412,24412,70843.6,70778.0,89.8264994308479,70778,70942,1.2613184309746694,1.2625593087235274,0.032061671821216345,1.2126250026905117,1.2904037512037048,4.0,0.00390625
AES-GCM,D2,8192,5,1.4863282,1.470431,0.0732130174299625,1.409557,1.565329,2.5123544,2.518052,0.17042851697207229,2.239981,2.67692,3.9986826,3.927609,0.16469054148098455,3.8053100000000004,4.193032,0.000179966268,0.000179966268,0.0,0.000179966268,0.000179966268,90307.8,90275.0,73.34302966199432,90275,90439,45383.0,45383.0,0.0,45383,45383,135690.8,135658.0,73.34302966199026,135658,135822,2.003363192949547,2.0368626306742854,0.0820985179045996,1.9079272469182207,2.102325434721481,8.0,0.0078125
AES-GCM,D2,16384,5,1.7413794,1.651288,0.2037106966847839,1.603233,2.099236,2.7393512,2.69111,0.18850390082356366,2.481971,2.959482,4.480730599999999,4.536949,0.2814590299347315,4.085204,4.7903459999999995,0.000224285508,0.000224285508,0.0,0.000224285508,0.000224285508,121051.8,121118.0,1339.0725148400304,119205,122970,56855.2,44649.0,27658.85825011582,44322,106332,177907.0,165819.0,27734.28972409425,163527,227450,3.5824168240629097,3.5265990426606075,0.23048567331951675,3.3400510109290646,3.9165730768891835,16.0,0.015625
AES-GCM,D2,32768,5,2.0242316,1.87123,0.32983535852800866,1.840962,2.608414,3.1387348,3.033015,0.33202472508414177,2.746279,3.534603,5.1629664,5.273182,0.40287697980748416,4.617509,5.641429,0.000307865268,0.000307865268,0.0,0.000307865268,0.000307865268,190044.4,181992.0,86862.75806581322,71482,279682,85657.8,62712.0,32605.70221142308,60500,125791,275702.2,244703.0,117029.87914930102,131982,405473,6.228974145824647,6.068442166418682,0.4972038017051792,5.672321675944163,6.9301435037809345,32.0,0.03125
AES-GCM,D2,65536,5,2.5916404,2.435253,0.3942176880205908,2.20875,3.092473,4.1275208,4.083612,0.10806563474898025,4.020858,4.300923,6.7191612,6.736176,0.42552086193652106,6.229608,7.247814,0.00049925448,0.00049925448,0.0,0.00049925448,0.00049925448,174681.8,140049.0,71008.71865271195,102535,264657,90308.4,112399.0,46205.903706128294,11844,123008,264990.2,252448.0,105033.6590655586,142356,387665,9.555622293255741,9.500939405383706,0.604925339063492,8.830248679118974,10.273519617927805,64.0,0.0625
AES-GCM,D2,131072,5,3.0733178,3.050498,0.20511781984800834,2.822012,3.385474,7.032844399999999,7.040362,0.08998867220267213,6.93793,7.16771,10.1061622,10.165,0.17458362194432825,9.862373999999999,10.323404,0.0009167241600000001,0.0009167241600000001,0.0,0.0009167241600000001,0.0009167241600000001,417958.8,336463.0,218124.3109953588,236181,774109,104673.6,57103.0,72031.44830072488,43422,193090,522632.4,429271.0,248124.21183612855,329952,946924,12.668576301550575,12.592228234136744,0.2197390495028068,12.399011023883208,12.978619549410721,128.0,0.125
AES-GCM,D2,262144,5,4.519684,4.458305,0.18743647139364294,4.32931,4.758667,12.6289832,12.643042,0.04236474424801803,12.567586,12.667714,17.1486672,17.120529,0.19281019828499654,16.93366,17.426381,0.0017723379599999998,0.0017723379599999998,0.0,0.0017723379599999998,0.0017723379599999998,203718.4,166921.0,85431.39120253164,135879,350017,65295.0,40117.0,49825.23719461855,26789,149916,269013.4,274425.0,71408.1872777905,201003,376806,14.929777818190757,14.952808993226785,0.16721200154196522,14.690370880792749,15.117818593263358,256.0,0.25
ASCON,D2,1024,5,2.7227716,2.722318,0.0848421602936888,2.61138,2.836375,2.821088,2.824109,0.1508288084219986,2.658186,2.975195,5.5438596,5.5043050000000004,0.20751413612041023,5.292727,5.81157,0.00020350425599999997,0.000203504256,0.0,0.000203504256,0.000203504256,11141.0,11141.0,0.0,11141,11141,6356.2,6225.0,179.65299886169453,6225,6553,17497.2,17366.0,179.65299886169436,17366,17694,0.18058134798072142,0.1816759790745607,0.0067347073736132804,0.1720705420394145,0.18893851883915416,1.0,0.0009765625
ASCON,D2,2048,5,2.868609,2.8917,0.05256341051054422,2.783163,2.916578,3.1081242,3.06661,0.1622760378820606,2.919678,3.352235,5.9767332,5.95831,0.18838038812386998,5.702841,6.207876,0.000157811364,0.000157811364,0.0,0.000157811364,0.000157811364,21364.4,21299.0,146.23884572848635,21299,21626,11730.4,11796.0,146.68605932398611,11468,11796,33094.8,33095.0,231.57763277138898,32767,33422,0.3348996040759273,0.3356656501591894,0.010658306832349187,0.32217138357789366,0.35070239552531796,2.0,0.001953125
ASCON,D2,4096,5,2.881045,2.837815,0.07637358706712687,2.817323,2.992566,3.3226245999999997,3.41667,0.18191777683695462,3.053107,3.473003,6.2036696,6.245656,0.21586783705962315,5.87043,6.445982,0.00013779460799999999,0.00013779460799999999,0.0,0.00013779460799999999,0.00013779460799999999,41615.0,41615.0,0.0,41615,41615,21954.0,21954.0,0.0,21954,21954,63569.0,63569.0,0.0,63569,63569,0.6454173735291097,0.640445134986621,0.02291858186871335,0.6205416025052506,0.6813810913340249,4.0,0.00390625
ASCON,D2,8192,5,3.0568366,2.971575,0.2560161553170031,2.873193,3.49016,3.4533638000000004,3.474375,0.09355177814825345,3.30306,3.546609,6.5102003999999996,6.44595,0.3307993132252543,6.177946,7.036769,0.0001472076,0.0001472076,0.0,0.0001472076,0.0001472076,84409.8,84541.0,179.65299886169416,84213,84541,42860.4,42926.0,146.6860593239866,42598,42926,127270.2,127467.0,293.3721186479732,126811,127467,1.2313006080723774,1.2410893661911744,0.06055909142909515,1.136885408630012,1.294928767587156,8.0,0.0078125
ASCON,D2,16384,5,3.3853988,3.307864,0.27599883674881664,3.11085,3.815167,5.0899198,5.03058,0.35976284756239063,4.705932,5.569704,8.4753186,8.64022,0.37077871723549577,7.9190819999999995,8.845747,0.00020900534399999996,0.000209005344,0.0,0.000209005344,0.000209005344,181665.2,181534.0,179.6529988616958,181534,181862,103710.0,103710.0,0.0,103710,103710,285375.2,285244.0,179.6529988616958,285244,285572,1.890805161197298,1.851804699417376,0.08491293425551981,1.808778840272054,2.020436207126028,16.0,0.015625
ASCON,D2,32768,5,4.1412098,3.929327,0.46907854782616104,3.84581,4.966215,6.3596144,6.334738,0.47651963180471374,5.788738,6.9633,10.5008242,10.754953,0.38730160184822415,9.955356,10.80911,0.000325873872,0.000325873872,0.0,0.000325873872,0.000325873872,212101.0,209481.0,3741.979890378887,209151,216198,61351.4,61941.0,1760.1916941060706,58255,62679,273452.4,272160.0,2930.0137030396236,271092,278139,3.050765370774721,2.9753733000971736,0.11475347432988046,2.9604657552749485,3.2143501447863843,32.0,0.03125
ASCON,D2,65536,5,5.478208,5.36963,0.22989961468541006,5.301952,5.863366,7.4331788,7.439464,0.038007202589772825,7.372241,7.472718,12.911386799999999,12.842348000000001,0.19900981917408056,12.729502,13.235607,0.00051776748,0.00051776748,0.0,0.00051776748,0.00051776748,210561.4,242656.0,81347.64741711956,75460,288695,67332.2,63006.0,15410.877058104124,56043,93647,277893.6,298699.0,69013.8707420472,169107,351701,4.957795352865832,4.983512360823736,0.07546208691132697,4.835441245724507,5.027690792617024,64.0,0.0625
ASCON,D2,131072,5,8.7240942,8.479623,0.3737779949357636,8.414826,9.185224,12.9292358,12.864492,0.5557470463495061,12.504135,13.86704,21.65333,21.592998,0.42206909517933205,21.279318,22.346663,0.00103268628,0.00103268628,0.0,0.00103268628,0.00103268628,487851.6,562236.0,166153.20344579578,202597,613682,192958.2,222683.0,75197.0985191583,62515,246687,680809.8,797776.0,234434.92825344947,265112,811048,5.913099374645701,5.927847536502342,0.1134169602191782,5.7279245675293895,6.015230375334397,128.0,0.125
ASCON,D2,262144,5,14.527323,14.514306,0.07728039060460258,14.423158,14.619138,22.7801226,22.677555,0.255608825171002,22.641416,23.234966,37.3074456,37.218429,0.2936478745203168,37.100713,37.820346,0.00186177132,0.0018617713200000002,0.0,0.0018617713200000002,0.0018617713200000002,374062.4,281005.0,199958.28410646057,232838,716645,172867.4,176056.0,52852.889304180906,106516,251258,546929.8,462070.0,238038.78380360626,405707,967903,6.862238008517674,6.878312891712866,0.05351340456094404,6.768843415657805,6.900136932678356,256.0,0.25
ChaCha20,D2,1024,5,1.3537954,1.338775,0.1007876979263839,1.232126,1.508593,1.3697104,1.381248,0.09913379629218284,1.229556,1.461305,2.7235058000000003,2.738149,0.11113020650210272,2.548033,2.833225,0.00019851130799999997,0.000198511308,0.0,0.000198511308,0.000198511308,9698.8,9666.0,73.34302966199293,9666,9830,4751.0,4751.0,0.0,4751,4751,14449.8,14417.0,73.34302966199293,14417,14581,0.3676777582742316,0.3652102204810622,0.015445814244017904,0.35295467179627454,0.3924595953035145,1.0,0.0009765625
ChaCha20,D2,2048,5,1.4363748,1.41316,0.05580625975372296,1.39972,1.534225,1.5656493999999999,1.517224,0.06987137650211274,1.514224,1.656963,3.0020242,2.9434180000000003,0.11354918969195665,2.922799,3.191188,0.000125134596,0.000125134596,0.0,0.000125134596,0.000125134596,18709.8,18677.0,73.3430296619933,18677,18841,8978.2,9011.0,73.34302966199293,8847,9011,27688.0,27688.0,115.96551211459379,27524,27852,0.6669538484640478,0.6794821530615087,0.024351548190553757,0.6267258462992465,0.6842755865182656,2.0,0.001953125
ChaCha20,D2,4096,5,1.5198314,1.503274,0.08964928906745435,1.435653,1.670951,1.7262358,1.760162,0.06741867527770035,1.614911,1.783316,3.2460672,3.215458,0.12690625035710393,3.0910919999999997,3.4315569999999997,0.000142073784,0.000142073784,0.0,0.000142073784,0.000142073784,37453.4,37519.0,89.82649943084749,37355,37519,17367.0,17367.0,0.0,17367,17367,54820.4,54886.0,89.82649943084749,54722,54886,1.233752033505938,1.2439907471968223,0.047722425062546085,1.1656516269436878,1.2940410702754885,4.0,0.00390625
ChaCha20,D2,8192,5,1.6227164000000003,1.569028,0.15328306090139232,1.500963,1.875236,2.7719549999999997,2.705436,0.1562916471360513,2.619823,2.972566,4.3946714,4.4950589999999995,0.18828694213965033,4.174162,4.5561430000000005,0.00021053797199999997,0.000210537972,0.0,0.000210537972,0.000210537972,75333.2,75366.0,73.34302966199229,75202,75366,34078.0,34078.0,0.0,34078,34078,109411.2,109444.0,73.34302966199229,109280,109444,1.823103153503281,1.7797319234297038,0.07926649228884751,1.755871139250897,1.9165523523044865,8.0,0.0078125
ChaCha20,D2,16384,5,1.936543,1.917953,0.08717785496042002,1.877489,2.08836,3.1182832,3.090747,0.16101174442629954,2.912191,3.34967,5.0548262,5.097294,0.16698251827571672,4.7920549999999995,5.227159,0.000305160696,0.000305160696,0.0,0.000305160696,0.000305160696,96160.8,96259.0,134.46635266861338,96013,96259,20836.8,20812.0,466.92365542987886,20279,21304,116997.6,116825.0,426.5176432458549,116538,117563,3.1681208030196113,3.1389203761839126,0.10708321066786702,3.06093616054151,3.3388598419675906,16.0,0.015625
ChaCha20,D2,32768,5,2.7295901999999996,2.77637,0.10301801199887324,2.619548,2.843526,3.5996814,3.589098,0.02513967746014241,3.581141,3.643464,6.3292716,6.357511000000001,0.08696528599562042,6.216794,6.4309840000000005,0.0004949928,0.0004949928,0.0,0.0004949928,0.0004949928,107728.0,106622.0,7810.749931984766,95855,115592,74854.4,87126.0,27531.34352515329,25605,87290,182582.4,193743.0,25029.8778422908,139559,202718,5.056639889254166,5.033416379460452,0.06967491075928887,4.9759103739023445,5.1473476521821375,32.0,0.03125
ChaCha20,D2,65536,5,3.9663912000000003,3.966476,0.008069450954061334,3.956513,3.975541,6.388162599999999,6.380393,0.2717628727481001,6.036545,6.701596,10.3545538,10.340823,0.26892226417442633,10.003021,10.658109,0.00092760696,0.00092760696,0.0,0.00092760696,0.00092760696,215488.0,222372.0,32591.0896948844,175356,254655,63652.8,63376.0,9755.918803475151,53626,73818,279140.8,288949.0,31643.051230878482,244055,318031,6.184203377753099,6.189062514656715,0.16116229545858393,6.004817552532067,6.3980671439158225,64.0,0.0625
ChaCha20,D2,131072,5,6.993361,6.870876,0.18862959837204765,6.828763,7.216904,11.0132708,10.881186,0.2903453540677038,10.86887,11.53184,18.0066318,18.054125,0.27532292631871275,17.709949,18.401666,0.00177230412,0.00177230412,0.0,0.00177230412,0.00177230412,155055.6,149794.0,67461.81479400031,86961,229383,64034.8,59641.0,16036.950464474223,44774,87003,219090.4,194568.0,79028.4494995315,146602,304877,7.109816041040133,7.089792498944147,0.10824259246981946,6.955891928480824,7.227575867101593,128.0,0.125
ChaCha20,D2,262144,5,12.5696506,12.495802,0.20374460294643407,12.438434,12.930052,20.8169916,20.86643,0.17744838911723085,20.602249,20.996397,33.3866422,33.434831,0.2829580379715345,33.067565,33.796482,0.00350637192,0.00350637192,0.0,0.00350637192,0.00350637192,257982.4,241831.0,83517.34967238843,137383,342270,57581.0,61243.0,19707.65948812796,34780,80041,315563.4,297421.0,82070.34477081231,209277,412291,7.668176765319812,7.656685927319327,0.06482564487436927,7.574752898837223,7.741725161801299,256.0,0.25
ElGamal,D2,1024,5,14.587348599999999,14.468084,1.1701675028818739,13.120546,16.075084,13.866092,13.885669,1.1685079247593912,11.959469,14.983384,28.4534406,28.353752999999998,2.2659064722982944,25.080015,30.701183999999998,0.000174924252,0.000174924252,0.0,0.000174924252,0.000174924252,16711.6,16384.0,732.5358694289309,16384,18022,10157.6,9830.0,732.5358694289312,9830,11468,26869.2,26214.0,897.1695491934622,26214,27852,0.035331639399331385,0.03526869970264607,0.002933339834546057,0.03257203370397702,0.039872384446341044,1.0,0.0009765625
ElGamal,D2,2048,5,15.259021200000001,15.4784,0.4539682721002648,14.566246,15.662361,14.438418000000002,14.525069,0.21355628559937098,14.067661,14.586007,29.6974392,30.003469000000003,0.6322412177592505,28.633907,30.13613,0.00011864278799999999,0.00011864278799999999,0.0,0.00011864278799999999,0.00011864278799999999,27524.4,27852.0,732.5358694289309,26214,27852,14745.0,14745.0,0.0,14745,14745,42269.4,42597.0,732.5358694289309,40959,42597,0.06737084148520665,0.06665895866907923,0.0014660546980682432,0.06636552204944696,0.06984726184938717,2.0,0.001953125
ElGamal,D2,4096,5,14.986248799999998,15.0731,0.6565511837295701,14.07563,15.795053,14.829487199999999,14.72933,0.3616434767961398,14.585284,15.465484,29.815735999999998,30.064521999999997,0.6213904636478566,28.81613,30.421891,0.00012102354,0.00012102354,0.0,0.00012102354,0.00012102354,46857.8,47513.0,897.1695491934626,45875,47513,26869.2,26214.0,897.1695491934622,26214,27852,73727.0,73727.0,1638.0,72089,75365,0.13420474855816972,0.13304718431911208,0.0028434534400792917,0.13148426572168048,0.13881114500802155,4.0,0.00390625
ElGamal,D2,8192,5,15.4156934,14.814215,0.9748761193194246,14.715476,16.900807,15.051193399999999,15.106277,0.2685970376368664,14.716553,15.352715,30.466886799999997,30.16693,1.131359172173762,29.432029,32.143999,0.00012531636000000002,0.00012531636000000002,0.0,0.00012531636000000002,0.00012531636000000002,88800.8,88473.0,732.9830830244313,88473,90112,47840.8,47513.0,732.9830830244317,47513,49152,136641.6,135986.0,897.7172717509679,135986,137625,0.26286480804569845,0.26519105523830233,0.009584579740860173,0.24888004756346588,0.2718127248379648,8.0,0.0078125
ElGamal,D2,16384,5,15.580712,15.3861,0.6359280572348581,15.005792,16.3768,15.9477412,15.690392,0.5065306420797263,15.550461,16.793946,31.5284532,31.053907000000002,1.0675584915971585,30.556252999999998,32.915953,0.00013276332,0.00013276332,0.0,0.00013276332,0.00013276332,188088.2,188416.0,732.9830830244302,186777,188416,107970.2,107315.0,897.1695491934618,107315,108953,296058.4,295731.0,1370.8077180990783,294092,297369,0.507938403560342,0.515233075181168,0.016993884010222993,0.48608648821439254,0.5236244116711561,16.0,0.015625
ElGamal,D2,32768,5,15.7438318,15.168853,1.0629328532126094,14.999138,17.546546,17.0224488,16.824676,0.8365278589620907,16.237161,18.291815,32.7662806,32.543653,1.4509431133207125,31.373622,34.371222,0.00014620086,0.00014620086,0.0,0.00014620086,0.00014620086,343080.6,342425.0,897.7172717509711,342425,344064,190873.0,190873.0,0.0,190873,190873,533953.6,533298.0,897.7172717509513,533298,534937,0.9781405183209397,0.9832946534920343,0.04310660104555497,0.931011414141749,1.0199651159180791,32.0,0.03125
ElGamal,D2,65536,5,16.145924,15.951207,0.3247268351915186,15.874338,16.611407,25.9796288,25.62123,1.4062149695365571,24.590492,27.529469,42.125552799999994,41.572437,1.71762550063589,40.46483,44.140876,0.000215474076,0.000215474076,0.0,0.000215474076,0.000215474076,663224.2,663552.0,732.9830830244262,661913,663552,354713.0,354713.0,0.0,354713,354713,1017937.2,1018265.0,732.9830830244262,1016626,1018265,1.5212722870424695,1.5394815560127013,0.061456444619767785,1.4499032597359418,1.5816203849120336,64.0,0.0625
ElGamal,D2,131072,5,21.0805642,20.9107,0.4805234343595523,20.633907,21.834892,31.7233364,31.873507,1.1682504444327413,30.563376,33.271692,52.8039006,52.64356,1.1485720085960232,51.197283,54.182392,0.00032917777200000006,0.00032917777200000006,0.0,0.00032917777200000006,0.00032917777200000006,679915.6,662466.0,39017.37375580268,662466,749712,316214.4,70998.0,337267.9059987772,67736,685670,996130.0,820710.0,323381.0296074895,730202,1348138,2.424985208618246,2.431446505517484,0.052985397627397374,2.3623910882339785,2.5001326730561075,128.0,0.125
ElGamal,D2,262144,5,31.701304,30.932092,2.2633153207574734,29.192307,34.860638,36.4648778,36.472576,0.5167260618937258,35.905669,37.278676,68.1661818,67.436976,2.482844974256994,65.097976,71.023222,0.00054461052,0.00054461052,0.0,0.00054461052,0.00054461052,908626.8,893848.0,34817.82607659473,892251,970894,775829.6,777140.0,1795.2520157348276,773863,777141,1684456.4,1669392.0,35588.95475143936,1666114,1748035,3.7595133574711097,3.7961370035334916,0.13681148100876367,3.60445489223229,3.932533939304042,256.0,0.25
Elephant,D2,1024,5,15.5757102,15.731661,0.7536571230040218,14.406315,16.33093,15.5793182,15.332277,1.0805605817237647,14.12833,16.9431,31.155028400000003,30.665284,1.6014108255030295,29.610407,33.274029999999996,0.000224332812,0.00022433281200000003,0.0,0.00022433281200000003,0.00022433281200000003,72744.6,72089.0,897.7172717509679,72089,73728,68484.4,68812.0,732.5358694289315,67174,68812,141229.0,140901.0,732.8714075470518,140901,142540,0.032164467283154016,0.03261016594530806,0.0016279547029790494,0.030053468125141442,0.033771909990970406,1.0,0.0009765625
Elephant,D2,2048,5,16.947015,17.2068,0.7425139738496503,16.132992,17.7232,16.9844502,17.271076,0.5380199244007616,16.148307,17.458992,33.931465200000005,34.236614,1.0971398292028256,32.33316,35.182192,0.00019186398,0.00019186398,0.0,0.00019186398,0.00019186398,142540.0,142540.0,0.0,142540,142540,132710.0,132710.0,0.0,132710,132710,275250.0,275250.0,0.0,275250,275250,0.05899234510759645,0.058416991820511216,0.0019337356211906773,0.05684694120252655,0.06185600170227717,2.0,0.001953125
Elephant,D2,4096,5,18.6316318,18.628861,0.20026689133054396,18.368061,18.837015,18.824185800000002,18.798584,0.1160330371411523,18.698492,18.963138,37.4558176,37.535507,0.2088403796414841,37.103507,37.613845,0.00024111309599999996,0.000241113096,0.0,0.000241113096,0.000241113096,281804.0,281804.0,0.0,281804,281804,263782.0,263782.0,0.0,263782,263782,545586.0,545586.0,0.0,545586,545586,0.10679516037175736,0.10656576451731423,0.0005988304016820245,0.1063438210052708,0.10780652082295078,4.0,0.00390625
Elephant,D2,8192,5,25.425635,25.386269,0.08922049163729166,25.360376,25.58033,25.748475000000003,25.74923,0.12679803450369367,25.617546,25.945653,51.17411,51.149946,0.14123020133986816,51.003815,51.32956,0.00037059444,0.00037059444,0.0,0.00037059444,0.00037059444,560332.0,560332.0,0.0,560332,560332,519372.0,519372.0,0.0,519372,519372,1079704.0,1079704.0,0.0,1079704,1079704,0.15633000246356327,0.1564029021653317,0.0004314094293096202,0.15585561224370517,0.15685101202723756,8.0,0.0078125
Elephant,D2,16384,5,40.001148799999996,40.134823,0.27221184395466475,39.64453,40.264207,40.3371102,40.364584,0.31169216677708866,39.922023,40.713784,80.33825900000001,80.104792,0.447717347245438,79.93014500000001,80.84860699999999,0.0006733908000000001,0.0006733908000000001,0.0,0.0006733908000000001,0.0006733908000000001,513405.2,513729.0,735.8020793664549,512089,513742,436237.0,435920.0,1369.7448667543852,434269,437546,949642.2,949662.0,2008.616986884274,946358,951284,0.19916285266141776,0.1997383627186748,0.0011079554284418609,0.19790075047304156,0.20017479012455186,16.0,0.015625
Elephant,D2,32768,5,68.905935,68.0836,1.3909630441124246,67.715361,70.865723,68.8269148,68.743407,0.5660191888997184,68.342307,69.730038,137.7328498,136.827007,1.5471377808604145,136.35259100000002,139.612068,0.0013273675200000002,0.0013273675200000002,0.0,0.0013273675200000002,0.0013273675200000002,437876.6,206212.0,336118.43119472044,181800,820517,733930.8,740239.0,26252.113661570183,689448,759489,1171807.4,965701.0,318942.36864095053,920400,1531267,0.23235718806270125,0.23387195774880903,0.002599717975455301,0.22920654681513636,0.23468567604996957,32.0,0.03125
Elephant,D2,65536,5,123.8901394,124.039138,0.3125865625611558,123.398984,124.13433,129.3124382,129.917107,1.5134096129433068,127.590369,131.037877,253.20257759999998,253.562499,1.3191687432306631,251.706945,254.79954600000002,0.00248605776,0.00248605776,0.0,0.00248605776,0.00248605776,880476.0,875908.0,16365.64506825197,859524,903760,648251.8,662098.0,63591.11140481822,555187,711248,1528727.8,1521622.0,72338.73104845012,1431095,1600263,0.25276753048647854,0.25240325463111957,0.0013173631211933635,0.2511778415806125,0.25426394174384026,64.0,0.0625
Elephant,D2,131072,5,234.9819888,235.002923,1.0348633503555733,233.477469,236.334061,242.416115,241.37,2.6210309037361657,239.423261,246.057838,477.3981038,477.519353,2.2115294274752975,474.773499,480.803091,0.004923126,0.004923126,0.0,0.004923126,0.004923126,781789.8,893836.0,306034.8855607805,261508,1038424,616147.8,859841.0,375558.41715930164,184912,906536,1397937.6,1264614.0,402687.0315546554,958749,1844604,0.26812463594737823,0.26805196312116797,0.0012394162175225012,0.26622125022902565,0.26960224247899733,128.0,0.125
Elephant,D2,262144,5,458.6845118,458.559076,0.6053655243047043,457.914223,459.541507,475.177867,474.287361,2.998187783578865,471.571161,478.67643,933.8623788000001,932.8464369999999,3.5097917651142936,930.028461,938.217937,0.009710838000000001,0.009710838000000001,0.0,0.009710838000000001,0.009710838000000001,961349.2,969213.0,33963.00779819124,903677,990512,788437.6,804558.0,79664.25711886103,662112,876236,1749786.8,1755749.0,84456.80792393234,1631325,1866748,0.274133423139192,0.2744288768720462,0.0010294938547237439,0.2728577123760532,0.27526039334832786,256.0,0.25
GIFT-COFB,D2,1024,5,7.380161800000001,7.391865,0.25192525093904305,7.021834,7.711703,7.5575642,7.4866,0.27734066270869856,7.283819,7.896326,14.937726000000001,14.786850000000001,0.5084053327351126,14.305653,15.608029,0.000226835748,0.000226835748,0.0,0.000226835748,0.000226835748,19988.0,19660.0,449.13249715423603,19660,20480,15072.6,14745.0,448.584774596731,14745,15564,35060.6,35224.0,685.6429828999933,34405,36044,0.06700644369541678,0.06762765565350294,0.002272344080678546,0.064069588799457,0.0699024364703939,1.0,0.0009765625
GIFT-COFB,D2,2048,5,7.7362709999999995,7.658203,0.5571456091696315,7.30075,8.689342,7.6885756,7.71823,0.14700961275814575,7.51965,7.851765,15.4248466,15.213536999999999,0.6483217881239998,14.893080000000001,16.541107,0.000128392632,0.000128392632,0.0,0.000128392632,0.000128392632,38829.6,38502.0,448.5847745967309,38502,39321,28180.0,27852.0,449.13249715423603,27852,28672,67009.6,67173.0,685.6429828999921,66354,67993,0.12983643183938567,0.1314618684662219,0.005220864135136289,0.12091089187682541,0.13429055641949145,2.0,0.001953125
GIFT-COFB,D2,4096,5,8.0704864,8.045553,0.2537274554739783,7.8268,8.453876,8.342902,8.2502,0.2310851885517551,8.110303,8.688919,16.4133884,16.502522,0.3367985362858636,16.034919000000002,16.85023,0.000141305364,0.000141305364,0.0,0.000141305364,0.000141305364,75366.0,75366.0,0.0,75366,75366,55705.0,55705.0,0.0,55705,55705,131071.0,131071.0,0.0,131071,131071,0.2437855482102162,0.24238719390890678,0.004999352165928363,0.2373854837589754,0.2494555787902639,4.0,0.00390625
GIFT-COFB,D2,8192,5,8.8268266,8.536015,0.8231827049232749,8.320784,10.281596,8.7349596,8.703753,0.12374163628019492,8.577692,8.861711,17.5617862,17.337799,0.7978779178074187,16.939384,18.953688,0.00017842975200000003,0.00017842975200000003,0.0,0.00017842975200000003,0.00017842975200000003,150732.0,150732.0,0.0,150732,150732,109772.0,109772.0,0.0,109772,109772,260504.0,260504.0,0.0,260504,260504,0.45625013555349003,0.4614195838814373,0.01969386683655786,0.4220814439912697,0.4722721912437902,8.0,0.0078125
GIFT-COFB,D2,16384,5,10.9704826,10.969503,0.025088163489981188,10.935584,11.000953,13.8271096,13.646507,0.8581383082599798,12.73618,15.115892,24.7975922,24.629292,0.8350579254882261,23.737133,26.051476,0.000295265016,0.000295265016,0.0,0.000295265016,0.000295265016,313753.0,313753.0,0.0,313753,313753,235929.0,235929.0,0.0,235929,235929,549682.0,549682.0,0.0,549682,549682,0.6458040075617869,0.6496329654949075,0.021544564312201517,0.6141686559333529,0.674049389199614,16.0,0.015625
GIFT-COFB,D2,32768,5,16.4123132,16.378942,0.11358642431514443,16.273153,16.54343,20.221976599999998,20.860119,1.6002227898281218,17.367246,21.077092,36.6342898,37.327583000000004,1.6330303739395664,33.719399,37.535161,0.0004968018,0.0004968018,0.0,0.0004968018,0.0004968018,296373.2,296372.0,581.9512007032944,295552,297198,145114.0,145436.0,736.3324656702276,143797,145465,441487.2,441808.0,439.34234942696077,440995,441808,0.8749769986175032,0.8572749004402453,0.04145826809587598,0.8525339747443736,0.9490086107406599,32.0,0.03125
GIFT-COFB,D2,65536,5,26.9613286,26.987465,0.21298560094123767,26.687907,27.243926,28.8216118,28.709319,0.3879965328778079,28.497673,29.494803,55.782940399999994,55.765961000000004,0.4566972804947503,55.328376,56.482268000000005,0.0008495737200000001,0.00084957372,0.0,0.00084957372,0.00084957372,253750.0,190518.0,147456.15753504497,139727,487859,216053.4,208719.0,13524.093843951248,205442,238005,469803.4,398432.0,149225.82354874106,348453,696578,1.1473654221566478,1.14765349421666,0.009352560910582772,1.133098975416497,1.1567301378952457,64.0,0.0625
GIFT-COFB,D2,131072,5,47.8433088,47.72378,0.31126288577535094,47.632734,48.391138,52.593435799999995,51.469046,2.258198365129644,51.145996,56.517734,100.4367446,99.10177999999999,2.3168852659140873,98.869776,104.30263,0.00165328164,0.0016532816400000002,0.0,0.0016532816400000002,0.0016532816400000002,346779.6,285340.0,154636.40367746528,167785,520450,348936.2,345320.0,51028.350960030046,298831,421563,695715.8,684580.0,150754.97406951454,513105,871708,1.274964842208703,1.2916014222953414,0.028768365027701952,1.2271982020012344,1.294632244337238,128.0,0.125
GIFT-COFB,D2,262144,5,89.2457474,89.041573,0.4255123639300043,88.893373,89.873234,98.0033978,98.240153,1.191739152927864,96.746569,99.484603,187.2491452,187.16571,1.2273196512582658,185.788142,188.58014500000002,0.0031985658,0.0031985658,0.0,0.0031985658,0.0031985658,581177.6,627942.0,173225.0524283367,292918,760674,359801.6,367058.0,20837.602568433816,337573,384429,940979.2,968177.0,165632.20669966334,677347,1132033,1.3672094432467405,1.367771906510012,0.0089622281604821,1.357513008593773,1.3779135591979816,256.0,0.25
Grain-128AEAD,D2,1024,5,7.4908568,7.758646,0.4834305850204349,6.956319,7.959123,7.583437999999999,7.692707,0.6297056230759737,6.51078,8.068615,15.074294799999999,15.589519,1.0157815201696676,13.467099,15.827261,0.00019362294000000002,0.00019362294000000002,0.0,0.00019362294000000002,0.00019362294000000002,11960.0,12288.0,449.1324971542362,11468,12288,6880.6,6553.0,448.5847745967311,6553,7372,18840.6,18841.0,579.4741581813632,18021,19660,0.06659374073264743,0.06414566094053319,0.004746102740092332,0.06318212607980622,0.07425504186165113,1.0,0.0009765625
Grain-128AEAD,D2,2048,5,8.5773304,8.338965,0.963028443413173,7.898615,10.264811,8.2240234,8.094492,0.2743314115322921,7.953519,8.636465,16.8013538,16.433457,0.7938416735660833,16.398229999999998,18.21833,0.00015121296,0.00015121296,0.0,0.00015121296,0.00015121296,22118.0,22118.0,0.0,22118,22118,12288.0,12288.0,0.0,12288,12288,34406.0,34406.0,0.0,34406,34406,0.1192384217574826,0.12170293809756523,0.00530173362387893,0.10977954620428984,0.12196438274130807,2.0,0.001953125
Grain-128AEAD,D2,4096,5,8.6979248,8.439042,0.5761027817861152,8.379907,9.723692,8.701896999999999,8.640738,0.1642538765874336,8.57898,8.97388,17.3998218,17.171164,0.518397987402248,17.022053,18.302672,0.000188019756,0.000188019756,0.0,0.000188019756,0.000188019756,42598.0,42598.0,0.0,42598,42598,22937.0,22937.0,0.0,22937,22937,65535.0,65535.0,0.0,65535,65535,0.2300452778328657,0.23294868070679423,0.006624029381787662,0.21854732467477972,0.23498928125767204,4.0,0.00390625
Grain-128AEAD,D2,8192,5,11.1175168,11.033373,0.1349881001151584,11.00335,11.296873,11.3707782,11.374138,0.05948588897125082,11.284015,11.451665,22.488295,22.477603000000002,0.15115490736988954,22.287365,22.663023,0.00031228866000000005,0.00031228866000000005,0.0,0.00031228866000000005,0.00031228866000000005,85196.0,85196.0,0.0,85196,85196,43417.0,43417.0,0.0,43417,43417,128613.0,128613.0,0.0,128613,128613,0.3557534884504838,0.3559098361155324,0.002393231880434521,0.3529979208863707,0.35894777152884605,8.0,0.0078125
Grain-128AEAD,D2,16384,5,16.302708799999998,16.276,0.04736370801257115,16.260692,16.361419,16.9588642,16.94028,0.060667839739849246,16.893419,17.046365,33.261573,33.260999,0.09151926402676368,33.169419000000005,33.39279500000001,0.00052159824,0.00052159824,0.0,0.00052159824,0.00052159824,182681.0,182681.0,0.0,182681,182681,104857.0,104857.0,0.0,104857,104857,287538.0,287538.0,0.0,287538,287538,0.4810384889193373,0.48104387965015727,0.0013223335952492923,0.47914527669816187,0.4823720306949,16.0,0.015625
Grain-128AEAD,D2,32768,5,27.7697096,27.85638,0.22072735792669748,27.488842,27.996569,27.914122600000002,27.901584,0.07241512210029315,27.840042,28.022203,55.683832200000005,55.801118,0.27606386583850545,55.350888,55.943637,0.00099176904,0.00099176904,0.0,0.00099176904,0.00099176904,36679.2,35865.0,2305.8757989102533,35046,40755,188416.0,188416.0,0.0,188416,188416,225095.2,224281.0,2305.875798910254,223462,229171,0.5746844084255371,0.5734652126503988,0.0028533601292589773,0.5720042835255776,0.5781298395790868,32.0,0.03125
Grain-128AEAD,D2,65536,5,48.8093658,48.5698,0.5087003451661869,48.305688,49.425784,51.972181,52.117092,1.4453468799758764,50.442907,54.00983,100.7815468,100.579988,1.0821824349561913,99.868691,102.57963000000001,0.00189507672,0.00189507672,0.0,0.00189507672,0.00189507672,215883.8,334668.0,162652.22228177518,37298,334668,49096.0,48768.0,449.13249715423666,48768,49588,264979.8,383436.0,162577.4537788066,86885,384256,0.6350949082740778,0.6363094813652195,0.006754149324272816,0.6239055453797211,0.6408414825423115,64.0,0.0625
Grain-128AEAD,D2,131072,5,91.2062174,91.34505,0.25232260612814955,90.908811,91.4666,99.32648040000001,98.946119,1.3424198569679258,97.741353,101.26125,190.5326978,190.41271899999998,1.4375597118042347,188.65016400000002,192.608865,0.003904866,0.003904866,0.0,0.003904866,0.003904866,355175.6,355174.0,3.577708764002104,355174,355182,96283.4,96282.0,3.1304951685013327,96282,96289,451459.0,451456.0,4.12310562562119,451456,451464,0.6718312555885195,0.6722240020111262,0.005062188205129132,0.6645592351110111,0.6785045784534807,128.0,0.125
Grain-128AEAD,D2,262144,5,177.3020904,177.088523,0.9773056177129498,176.022057,178.702442,186.2465388,186.302234,2.3763831061764265,182.442665,188.472657,363.5486292,363.64818,1.5003628017728683,361.145107,365.064388,0.007363418399999999,0.007363418399999999,0.0,0.007363418399999999,0.007363418399999999,393190.0,411703.0,41400.79870606363,319130,411710,189670.0,189670.0,0.0,189670,189670,582860.0,601373.0,41400.79870606364,508800,601380,0.7041795179748622,0.703977124263347,0.002914703115983197,0.7012461593487448,0.7088563434420282,256.0,0.25
RSA-Hybrid,D2,1024,5,13.121427399999998,13.494492,0.8636643124329612,11.696915,13.745269,15.8315764,16.160177,1.2246168237378574,14.083853,17.403715,28.953003799999998,29.669621999999997,2.048193492044196,25.780768000000002,31.147999,0.00019183356000000002,0.00019183356000000002,0.0,0.00019183356000000002,0.00019183356000000002,16384.0,16384.0,0.0,16384,16384,17694.4,18022.0,732.5358694289309,16384,18022,34078.4,34406.0,732.5358694289309,32768,34406,0.034684169966395416,0.03370450759365927,0.0025739326278557914,0.03210479106539075,0.038788603970215316,1.0,0.0009765625
RSA-Hybrid,D2,2048,5,12.880144000000001,13.18393,0.7944160765596953,12.023507,13.752553,15.2689242,15.407446,1.58609600850743,12.812823,17.117384,28.1490682,28.591376,2.2982360941358255,24.867561000000002,30.869937,0.00014485186800000001,0.00014485186800000001,0.0,0.00014485186800000001,0.00014485186800000001,26214.0,26214.0,0.0,26214,26214,22937.2,22937.0,1158.594493340962,21299,24576,49151.2,49151.0,1158.594493340962,47513,50790,0.07144270459174581,0.06995116289611245,0.006021161190332121,0.06478795211017113,0.0804260618884176,2.0,0.001953125
RSA-Hybrid,D2,4096,5,12.846221199999999,13.220869,0.6088099148430484,11.964061,13.3324,15.232223999999999,15.495207,1.1747450610930446,13.36243,16.594346,28.078445199999997,28.389022,1.693957568992715,25.326490999999997,29.855853000000003,0.000150492492,0.000150492492,0.0,0.000150492492,0.000150492492,45875.0,45875.0,0.0,45875,45875,34078.4,34406.0,732.5358694289315,32768,34406,79953.4,80281.0,732.5358694289295,78643,80281,0.14289510543072034,0.14089953503857935,0.009066970635846768,0.13397707980408396,0.15793739448548164,4.0,0.00390625
RSA-Hybrid,D2,8192,5,13.7039224,14.22713,1.0285500058593646,12.084615,14.634061,17.401879400000002,18.142277,1.4322150722485096,15.01953,18.515076,31.105801800000002,31.824052000000002,2.3085959879521383,27.104145,32.849037,0.00014551246799999999,0.00014551246799999999,0.0,0.00014551246799999999,0.00014551246799999999,88473.0,88473.0,0.0,88473,88473,54067.0,54067.0,0.0,54067,54067,142540.0,142540.0,0.0,142540,142540,0.25843291911107835,0.2513821935685625,0.021002995262911703,0.24353834177848194,0.2951578070439042,8.0,0.0078125
RSA-Hybrid,D2,16384,5,13.9898688,13.839807,0.4716104124944656,13.605661,14.783977,16.518232,16.364792,1.0514011443890006,15.305969,18.128546,30.5081008,30.089945999999998,0.9143262487770436,29.698884,31.968353,0.00015618412800000002,0.00015618412800000002,0.0,0.00015618412800000002,0.00015618412800000002,186777.0,186777.0,0.0,186777,186777,115507.0,115507.0,0.0,115507,115507,302284.0,302284.0,0.0,302284,302284,0.5248195071685731,0.5317390732439334,0.01537813706272252,0.500494973888708,0.5387407823135711,16.0,0.015625
RSA-Hybrid,D2,32768,5,14.7917688,14.454053,0.5810802727973133,14.381169,15.709376,18.1152718,18.467453,0.958940431320529,16.509507,18.870707,32.9070406,32.849276,0.6241151519597966,32.218883,33.7716,0.000162604224,0.000162604224,0.0,0.000162604224,0.000162604224,343080.6,342425.0,897.7172717509679,342425,344064,197427.0,197427.0,0.0,197427,197427,540507.6,539852.0,897.717271750978,539852,541491,0.9727148217215784,0.9741462795100871,0.018359947863630592,0.9475417214464225,0.9932063752799872,32.0,0.03125
RSA-Hybrid,D2,65536,5,15.7750904,15.685838,0.3342263086178287,15.455692,16.187807,26.748318,26.585423,1.6526568992995785,24.934892,29.164176,42.5234084,42.647014999999996,1.554942871363543,41.068522,44.850014,0.000252532584,0.000252532584,0.0,0.000252532584,0.000252532584,663224.2,663552.0,732.9830830244262,661913,663552,361267.0,361267.0,0.0,361267,361267,1024491.2,1024819.0,732.9830830244262,1023180,1024819,1.5066399460663078,1.500691197261989,0.054256331042351016,1.4269783728495602,1.5583711534590896,64.0,0.0625
RSA-Hybrid,D2,131072,5,20.9386396,21.081438,1.0617689371877486,19.803976,22.4316,31.8796442,30.596561,1.909333942301004,30.431592,34.124007,52.818283799999996,52.868892,2.3798421954946307,50.400537,55.462899,0.00034581639600000003,0.00034581639600000003,0.0,0.00034581639600000003,0.00034581639600000003,696078.2,662549.0,45982.05001084662,662472,746456,317522.6,67723.0,342054.0151822516,67721,692224,1013600.8,814165.0,352636.22310633375,730193,1438680,2.427346399139947,2.4210834605726177,0.10941835022754705,2.3078490722239384,2.5396554802580775,128.0,0.125
RSA-Hybrid,D2,262144,5,31.583599600000003,31.669823,0.9887538062982612,30.308684,32.532884,36.9266872,36.917015,0.4689797008466357,36.230561,37.541915,68.51028679999999,68.720776,1.0862127795764522,67.22569899999999,70.066161,0.0005565639600000001,0.0005565639600000001,0.0,0.0005565639600000001,0.0005565639600000001,978190.2,970900.0,103790.13686136078,892257,1151125,779121.2,778856.0,1366.2251644586156,777140,780416,1757311.4,1751316.0,102783.78347433999,1671035,1928265,3.7374139057516738,3.725219866550983,0.059039165132454795,3.653689546370323,3.808067507040723,256.0,0.25
Xoodyak,D2,1024,5,2.7475785999999998,2.844515,0.22404448062449533,2.427773,2.932338,2.802111,2.916727,0.23607419182642542,2.455483,3.02043,5.5496896,5.761241999999999,0.4391581647246244,5.057421,5.952768000000001,0.000195672096,0.000195672096,0.0,0.000195672096,0.000195672096,11206.4,11141.0,146.2388457284862,11141,11468,6290.6,6225.0,146.68605932398611,6225,6553,17497.0,17366.0,179.37948600662227,17366,17694,0.1811202577349733,0.1735736842854371,0.014693763269328083,0.16798907667827806,0.19772923788626656,1.0,0.0009765625
Xoodyak,D2,2048,5,2.9179348000000003,2.843513,0.15151070118872806,2.835638,3.186789,3.0586386,3.001509,0.09766987279760309,2.983846,3.210147,5.9765734,5.876934,0.23903504762649355,5.824024,6.396936,0.000124865892,0.000124865892,0.0,0.000124865892,0.000124865892,21299.0,21299.0,0.0,21299,21299,11664.8,11796.0,179.65299886169436,11468,11796,32963.8,33095.0,179.65299886169498,32767,33095,0.3350485972993141,0.3403135036057917,0.012774353568285374,0.3126496810347954,0.34340517827536426,2.0,0.001953125
Xoodyak,D2,4096,5,3.0851202,3.056552,0.17168005829653007,2.924743,3.339556,3.3337684000000003,3.313336,0.07899620741086226,3.26128,3.452018,6.4188886,6.476338999999999,0.16234460399964024,6.195918,6.600836,0.000135582264,0.000135582264,0.0,0.000135582264,0.000135582264,41746.2,41615.0,179.65299886169416,41615,41943,21954.0,21954.0,0.0,21954,21954,63700.2,63569.0,179.65299886169416,63569,63897,0.6234825323189616,0.6176328941397293,0.015901528560350927,0.6059838481065125,0.6455863360360805,4.0,0.00390625
Xoodyak,D2,8192,5,3.2416742,3.16409,0.2590215842004291,3.055913,3.684524,3.6070284,3.671686,0.13218616086149104,3.416656,3.729772,6.8487026,6.835775999999999,0.2691596128142188,6.480217,7.208185,0.000167417784,0.000167417784,0.0,0.000167417784,0.000167417784,84475.4,84541.0,146.68605932398762,84213,84541,42926.0,42926.0,0.0,42926,42926,127401.4,127467.0,146.68605932398762,127139,127467,1.1695536192280251,1.1703133631061053,0.04612379119167684,1.1098494281153992,1.234526559835882,8.0,0.0078125
Xoodyak,D2,16384,5,3.7130076,3.639476,0.16406282977963052,3.623673,4.005155,5.1135568,5.135249,0.21539962868282767,4.828561,5.426732,8.8265644,8.774725,0.27848579376926963,8.452234,9.141591,0.000249015924,0.000249015924,0.0,0.000249015924,0.000249015924,181862.0,181862.0,0.0,181862,181862,103710.0,103710.0,0.0,103710,103710,285572.0,285572.0,0.0,285572,285572,1.814160992739368,1.8234189675459915,0.057509021612335585,1.750242381222262,1.8929906578544795,16.0,0.015625
Xoodyak,D2,32768,5,4.891840999999999,4.89659,0.03693129072345028,4.849612,4.928393,6.812028,6.643475,0.4281476002694629,6.558576,7.574373,11.703869000000001,11.571867999999998,0.43516438443822536,11.416871,12.470963,0.0004170726,0.0004170726,0.0,0.0004170726,0.0004170726,214689.8,216524.0,3054.932601547865,209479,216524,62449.0,62678.0,482.6277033076324,61941,63006,277138.8,278465.0,2857.1448510707337,272158,279202,2.7370322473234787,2.7653270846158984,0.09729134403299332,2.5659606238908736,2.802869542802051,32.0,0.03125
Xoodyak,D2,65536,5,7.5998614,7.44968,0.345822486926168,7.412256,8.216546,9.541044,9.541278,0.05283212545412065,9.480473,9.609833,17.1409054,17.00742,0.31118985418117173,16.987041,17.697018999999997,0.00073996236,0.00073996236,0.0,0.00073996236,0.00073996236,195506.8,142067.0,122830.91175351586,77505,333261,80128.6,78653.0,6401.925085472338,74147,87009,275635.4,216220.0,128603.60285310828,156158,419942,3.7347198917289695,3.7630634158502585,0.0661990847546887,3.6164282809438135,3.7675778848123103,64.0,0.0625
Xoodyak,D2,131072,5,12.7329822,12.655575,0.20680281957144522,12.589432,13.098676,16.72394,16.632272,0.24362738857525948,16.565224,17.156072,29.4569222,29.322057,0.28155429646286717,29.220799,29.805179000000003,0.00139500972,0.00139500972,0.0,0.00139500972,0.00139500972,234159.0,175740.0,110264.47473687978,150014,399287,104820.0,76031.0,72621.34383912211,59809,233491,338979.0,262585.0,176466.29063223378,209823,632778,4.345644949046948,4.365314479812927,0.041400610876821835,4.294555654237137,4.380441479372279,128.0,0.125
Xoodyak,D2,262144,5,23.1671668,23.189056,0.48889336543637035,22.679158,23.755575,31.005655400000002,30.779132,0.36797762087632413,30.750056,31.584592,54.1728222,53.939112,0.7156268681136828,53.458696,55.340167,0.0027106768800000004,0.0027106768800000004,0.0,0.0027106768800000004,0.0027106768800000004,344995.4,331785.0,101696.4912339654,232838,496784,161286.0,165416.0,70200.48951396279,49244,234640,506281.4,467478.0,111212.90695013777,432147,699474,4.72626976297998,4.746092223394408,0.06178735836854212,4.625934721158322,4.788743818218087,256.0,0.25
